키워드,빈도수
국민,3375
정부,2982
경제,2826
생각,2674
위하다,2525
문제,2282
대하다,2226
드리다,2193
사회,1934
발전,1880
한국,1803
사람,1784
대통령,1747
협력,1740
지금,1728
세계,1721
나라,1546
가지다,1544
국가,1501
평화,1447
정책,1328
말씀,1302
정치,1285
함께,1279
감사,1277
만들다,1152
역사,1121
기업,1112
노력,1111
시장,1094
참여,1069
시대,1040
통하다,1021
관계,1019
지역,990
기술,978
혁신,972
이제,967
축하,948
민주주의,943
성공,937
모두,917
문화,896
투자,887
오늘,877
성장,847
해결,828
중요,822
다시,808
개혁,772
미래,769
더욱,755
존경,740
산업,737
추진,726
필요,722
동북아,708
바라다,706
수준,692
지방,683
언론,680
매우,676
얘기,669
자리,653
많이,648
지원,646
양국,639
각하,639
제도,633
지나다,614
가장,605
번영,605
분야,595
전략,595
이루다,587
대화,587
동안,579
이번,571
적극,562
교육,561
국회,555
자유,544
경쟁력,540
특히,537
미국,529
정상,524
국제,524
기대,516
가능,503
개발,503
한반도,500
확대,497
대한민국,495
중심,492
권력,491
통합,490
다음,480
신뢰,479
시민,477
안정,477
회담,476
남북,469
나오다,468
과학,463
기회,456
변화,454
지키다,454
귀빈,453
균형,449
바로,445
이미,445
진심,443
책임,439
반드시,439
경쟁,434
아직,433
북한,431
지속,431
도시,430
나아가다,428
선거,427
사실,426
합의,424
환경,424
정보,419
일본,416
역할,415
기원,414
서로,411
위기,410
사업,409
원칙,406
관하다,404
최선,404
과제,402
이상,394
강화,394
과정,393
투명,392
계속,389
공동,384
역량,384
물론,384
올해,380
내외,379
높이다,379
결과,377
북핵,370
공정,368
건강,368
희망,367
상황,367
보이다,360
극복,357
마음,353
구조,349
평가,348
안보,346
전쟁,341
질서,339
없이,338
따르다,338
가치,338
지도자,333
중국,332
관리,332
관심,329
이후,328
또한,327
스스로,326
건설,326
성과,323
계획,322
아주,322
개방,320
만드다,319
대학,319
타협,315
중소기업,314
모으다,314
교류,313
기여,312
인사,311
국정,310
회의,309
준비,307
만나다,305
시간,305
갈등,304
보내다,304
이루어지다,303
메시지,303
정말,302
열리다,301
복지,300
조금,299
연구,298
서비스,298
민주,298
정도,297
방문,297
수도,297
개선,285
계기,285
구축,285
금융,284
자원,282
자랑,276
시작,276
행사,275
과거,272
갖추다,271
총리,270
마련,268
방향,268
행정,267
공무원,264
다르다,264
의원,262
아울러,262
핵심,261
해소,261
이해,260
선진,260
정당,260
생활,257
목표,254
체제,254
일자리,253
무역,253
단계,252
질문,252
주도,249
기관,249
먼저,247
한미,246
개헌,246
수출,246
걱정,245
그동안,242
대책,242
효율,242
토대,242
경우,242
결정,238
열심히,238
결코,237
진보,236
우선,236
보다,236
전체,235
확신,235
요구,234
의미,234
바꾸다,233
여러분,233
이끌다,233
기반,233
시스템,232
모르다,229
주장,227
동북아시아,227
논의,227
현실,226
양극,226
행복,226
지난해,225
해외,225
예산,224
이러하다,224
이익,223
다양,221
부처,220
선진국,219
최고,218
빠르다,218
거듭,218
너무,216
규제,216
의지,215
이전,215
정권,214
불안,214
서울,212
결국,211
대회,211
반대,211
부동산,209
도전,208
지지,207
활동,207
조직,204
운동,204
어려움,204
이유,203
지배,203
기울이다,201
육성,201
운영,201
민족,201
규모,200
세우다,200
인권,200
느끼다,200
소득,199
위원회,198
환영,198
유지,197
방법,195
경기,195
확인,195
기쁘다,195
실천,195
독재,194
연설,193
실현,193
부분,191
한번,191
그러다,191
동포,189
노사,189
관련,189
도약,188
경험,187
내용,187
체계,186
최근,186
생기다,186
비전,185
전국,185
부산,184
임기,183
약속,183
항상,182
정착,182
인력,182
집중,181
동력,181
시기,180
장병,180
밝히다,178
우리나라,178
나가다,178
참으로,176
통일,176
경찰,176
의견,176
제대로,174
동맹,174
부담,174
정신,173
속도,173
존중,173
진행,173
처음,173
방안,172
제안,172
유럽,172
도움,171
인식,171
향하다,171
후보,170
늘어나다,170
인재,169
물류,169
같이,168
구체,168
대표,168
나누다,167
선택,167
우수,167
안전,167
분열,166
재정,165
달라지다,164
협상,164
판단,163
장기,163
조정,163
일부,162
첨단,162
장관,162
세기,162
안녕,161
서민,161
학교,160
국방,159
대응,159
자본,159
상호,158
교역,158
에너지,158
아시아,158
의하다,157
모습,157
효과,157
공동체,156
헌법,156
보장,155
능력,155
사이,154
키우다,154
화해,153
가운데,153
사랑,153
합리,152
비용,152
토론,152
하나하나,152
거두다,151
얼마,151
친구,150
광주,150
대결,150
바탕,150
자신,150
생산,149
잘못,148
역시,148
부탁,147
세력,147
자체,147
당시,147
지식,146
기본,146
관계자,146
외교,146
늘리다,145
한층,145
실제로,144
정규직,144
고용,144
특별,144
실질,144
전하다,143
헌신,142
계시다,142
신문,141
결단,140
격려,139
희생,139
열린우리당,139
내외분,138
현재,138
앞장서다,138
활성,138
자율,137
협정,137
조성,137
민생,137
깊이,137
사례,137
자주,137
노고,136
정리,136
부패,135
학생,135
그냥,134
진전,134
관광,134
아마,134
여건,133
독립,133
당장,133
공공,132
당부,132
회복,132
고통,132
국군,131
도민,130
내놓다,130
바뀌다,130
직접,129
조건,129
또는,128
사상,128
더불다,128
러시아,128
보도,128
기업인,127
우려,127
우정,127
확충,126
기록,125
대비,125
제시,124
선언,124
출범,123
여론,123
제공,123
모범,123
뒷받침,123
활력,123
줄이다,123
바다,123
행동,123
요인,122
비판,122
농업,122
보호,122
용사,121
동아시아,121
소비,121
외국인,121
도입,121
대단히,121
민간,121
내리다,120
각별,120
체결,120
살리다,120
경의,119
그야말로,119
확보,119
대립,119
유착,118
포럼,118
적어도,118
중앙,118
대안,118
증진,118
세상,118
걸리다,117
부문,117
경제인,117
강조,117
이라크,117
통신,116
미군,116
시절,116
향상,116
창간,116
상생,116
양성,116
격차,116
차원,115
자세,115
자신감,115
끊임없이,115
구도,115
분권,114
투쟁,114
전통,114
우호,114
이웃,114
정치인,114
인프라,113
설명,113
방식,113
공약,113
지혜,112
각국,112
경영,112
인류,112
자치,112
훨씬,112
분명,112
싸우다,112
자꾸,111
대선,111
입장,110
누리다,110
제기,110
앞서다,110
사고,110
한나라당,109
전망,109
참석자,109
방송,109
인하다,109
미루다,108
받아들이다,108
군사,108
얼마나,108
추구,108
성숙,108
조사,107
창조,107
법안,107
농촌,107
힘차다,107
멀리,107
근로자,106
인터넷,106
독일,106
포기,106
종합,105
인정,105
증가,105
균형발전,104
엄청나다,104
상당히,104
회장,104
참전,104
비롯하다,104
내년,104
논리,104
흐름,103
들어가다,103
차례,103
일어나다,103
상대,102
가슴,102
불신,102
아이,102
이기다,102
취임,102
주한,102
역동,101
위험,101
용기,101
뜻깊다,101
외환,100
국내,100
전부,100
배우다,100
협의,100
나쁘다,100
일반,100
지향,100
행위,100
거치다,100
아무리,99
이름,99
믿음,99
세금,99
그때,99
단체,99
넘어서다,99
성원,98
개인,98
나서다,98
개최,98
근거,98
작년,97
어떻든,97
기억,97
기준,97
만찬,97
정확,96
결론,96
한편,96
수행,96
자금,96
소위,96
오히려,95
출발,95
사건,95
정의,94
통과,94
의료,94
고치다,94
박수,94
기간,94
청산,94
들어서다,94
창출,94
발생,93
대처,93
야당,93
창의,93
무궁,93
요소,92
당당,92
절차,92
기자,92
가족,92
옛날,91
부족,91
동반자,91
기초,91
지도력,91
허브,91
본격,91
축사,90
잠재력,90
건배,90
보편,90
외국,90
충분히,90
보고,90
저력,89
공직,89
획기적,89
참석,89
강국,89
영향,89
치하,89
해양,89
활용,89
위원장,89
노동,89
진실,88
위상,88
혁명,88
공존,88
졸업,88
발표,87
최대한,87
나타나다,87
치르다,87
단지,87
열정,87
권리,87
보람,87
차이,86
원리,86
마찬가지,86
유치,86
통제,86
포함,85
확산,85
지역주의,85
근본,85
과거사,85
올림픽,85
여성,84
위원,84
일관,84
과연,84
특권,84
시설,84
신용,84
승리,84
자연,84
이야기,83
전달,83
전환,83
수용,83
총회,83
포괄,83
내다보다,83
개성공단,83
올리다,82
이행,82
변하다,82
떨어지다,82
힘들다,82
검토,82
권한,82
그대로,82
돌아가다,82
부정,81
처리,81
추가,81
공개,81
일류,81
들어오다,81
화합,81
방위,80
아끼다,80
거의,80
끝나다,80
착실히,80
수고,80
견제,79
진출,79
당원,79
지출,79
인간,79
프랑스,79
채택,79
분위기,78
청와대,78
애쓰다,78
현상,78
개편,78
불행,78
차질,78
봉사,78
연결,77
베트남,77
자동차,77
제의,77
조선,77
높아지다,77
맞추다,77
위로,77
업무,76
항쟁,76
분단,76
선생,76
고려,76
흘리다,76
냉전,76
강하다,76
형성,75
유엔,75
하루,75
총선,75
내일,75
협조,75
벗어나다,75
공급,75
차별,75
굉장히,75
공부,75
무너지다,74
별로,74
개정,74
계층,74
생명,74
마무리,74
미치다,74
흔들리다,74
설득,74
피해,74
상태,74
노무현,74
영국,73
맞서다,73
역내,73
고민,73
반영,73
선도,73
올라가다,73
현장,72
완전히,72
대개,72
다지다,72
긴장,72
도덕,72
실패,72
용납,72
소리,71
대상,71
기사,71
명실상부,71
관행,71
일행,71
넘어가다,70
고령,70
한계,70
풀리다,70
해군,70
이어지다,70
수립,70
선열,70
올바르다,70
불과,70
위협,70
직업,69
조치,69
군대,69
예측,69
덕분,69
분석,69
집단,69
입시,69
수많다,69
목숨,69
달성,69
의식,69
모델,69
제주,69
모이다,69
공간,68
맡기다,68
영원,68
불편,68
의무,68
연대,68
여야,68
따지다,68
촉진,68
인구,68
빌리다,68
그리다,68
발목,68
조국,68
오래,68
분배,68
축제,68
새해,67
책임지다,67
파병,67
존재,67
자주국방,67
기능,67
전자,67
자부심,67
저항,66
장애,66
비하다,66
친애,66
국토,66
마치다,66
돌이키다,66
뉴질랜드,66
내부,66
개념,66
반복,65
기지,65
시행,65
장래,65
뿌리,65
주택,65
생태,65
상징,65
기념,65
절반,65
제출,65
마지막,65
비교,64
당하다,64
다만,64
위치,64
오늘날,64
철도,64
가격,64
전력,64
바치다,63
영역,63
의장,63
노인,63
혼란,63
점차,63
꾸준히,63
주체,63
신임,63
넓히다,63
노동자,63
절제,63
주제,62
좌우,62
전기,62
내수,62
주목,62
금년,62
반세기,62
주민,62
여전히,62
보완,62
공조,62
자문,62
선정,62
원인,61
프로그램,61
오르다,61
구상,61
떠나다,61
차기,61
힘쓰다,61
시점,61
감당,61
가정,61
비즈니스,61
느낌,61
이론,61
주의,61
감정,61
작전,61
달리다,60
연정,60
유가족,60
센터,60
최대,60
커지다,60
명분,60
따로,60
전문,60
거래,60
장애인,60
빠지다,60
훈련,60
동의,60
전제,59
앞서,59
무대,59
수사,59
체육,59
관점,59
호주,59
모시다,59
완화,59
공사,59
장교,59
개막,58
어제,58
품질,58
수교,58
인도,58
양보,58
초청,58
운용,58
중동,58
필리핀,58
가까이,58
차세대,58
논쟁,58
챙기다,58
지난날,58
조화,58
당선,57
의사,57
발의,57
상당,57
연합,57
뿌리내리다,57
제일,57
디지털,57
전혀,57
연금,57
부당,56
의제,56
흔들다,56
수단,56
정략,56
감동,56
명예,56
전문가,56
만족,56
배치,56
특별히,56
출산,56
인천,56
대폭,56
창립,56
표현,56
심화,56
주변,55
성명,55
차지,55
점검,55
항만,55
동참,55
동반,55
불법,55
주요,55
실력,55
지표,55
지켜보다,55
중립,55
복구,55
공격,55
버리다,55
넘기다,55
넘치다,55
붙이다,55
자산,55
대의,55
전반,54
한일,54
예술,54
부가,54
평등,54
도로,54
입법,53
공유,53
긴밀히,53
노선,53
주최,53
동시,53
세대,53
벤처,53
제품,53
기다리다,53
제정,53
유리,53
등급,53
능동,53
불교,53
충돌,53
정비,53
대북,53
사태,53
불리,53
글로벌,53
목소리,52
일방,52
요즘,52
사명,52
수요,52
남기다,52
이해관계,52
머리,52
상품,52
해내다,52
고향,52
편성,52
증명,52
국력,52
부닥치다,52
공론,52
영광,52
석유,51
실업,51
본질,51
경남,51
마침내,51
대륙,51
아프다,51
기자실,51
성취,51
돌아오다,51
걸치다,51
도리,51
상처,51
태평양,51
소개,50
특별법,50
혹시,50
개별,50
붕괴,50
전남,50
문명,50
지적,50
측면,50
실감,50
우주,50
그만큼,50
기술력,50
운명,50
목적,50
스페인,50
항공,50
매년,50
부시,50
주권,49
수입,49
젊은이,49
손해,49
터키,49
아프리카,49
김대중,49
회계,49
심하다,49
용산,49
기적,49
잡히다,49
양심,49
보통,49
인상,49
이렇게,49
숫자,49
공교육,49
절대,49
규칙,49
언제,49
보수,49
관용,49
정경,48
검찰,48
마디,48
정통,48
나중,48
학습,48
기구,48
테러,48
오찬,48
대신,48
무한,48
주력,48
펼치다,48
이용,48
카드,48
소신,48
유익,48
클러스터,47
나머지,47
철저히,47
해석,47
파탄,47
논란,47
고급,47
답사,47
원하다,47
보고서,47
인도네시아,47
기득,47
사과,47
앞당기다,47
파트너,47
구성,47
빨리,46
왜곡,46
거듭나다,46
폐하,46
줄어들다,46
명복,46
독자,46
부대,46
재원,46
조속히,46
연구소,46
대답,46
통상,46
살아나다,46
때로,46
완전,46
개입,45
아세안,45
태도,45
가속,45
기념식,45
소외,45
학부모,45
소망,45
정하다,45
다짐,45
현안,45
업적,45
예방,45
주역,45
다니다,45
오전,45
청년,44
빈곤,44
미리,44
예산안,44
결실,44
왜냐하면,44
각종,44
내세우다,44
약간,44
싸움,44
거부,44
몽골,44
실험,44
원자력,44
사정,44
정세,44
임시,44
보육,44
남북한,43
의존,43
여당,43
알리다,43
소중하다,43
거점,43
농민,43
의욕,43
고도,43
경정,43
시비,43
혼자,43
언제나,43
대세,43
경찰관,43
보상,43
불만,43
더욱이,43
대부분,43
움직이다,43
다하다,43
만일,43
임직원,43
평생,43
세월,42
고등학교,42
승부,42
우의,42
반칙,42
월드컵,42
승복,42
적용,42
알제리,42
약자,42
캄보디아,42
청소년,42
사항,42
마을,42
보험,42
활발하다,42
불량자,42
기도,42
박람회,42
검증,42
철학,42
게임,41
내각,41
계산,41
제조업,41
지구촌,41
무척,41
후손,41
최소한,41
설치,41
취지,41
대외,41
비중,41
합치다,41
혜택,41
상대방,41
대체로,41
모색,41
고비,41
되풀이,41
대전,41
재산,41
끌어올리다,41
굳이,41
투입,41
수호,41
원천,41
분명히,41
압력,41
아제르바이잔,41
철강,41
전시,41
일치,40
가르치다,40
제한,40
침략,40
경계,40
곳곳,40
조기,40
유공자,40
등장,40
귀하다,40
방한,40
발굴,40
진영,40
축적,40
분산,40
긍정,40
주어지다,40
영화,40
국빈,40
심지어,40
성실,40
복합,40
복원,40
즐기다,40
결합,40
루마니아,39
발휘,39
필수,39
다행히,39
훼손,39
그렇게,39
멕시코,39
처하다,39
신념,39
비율,39
담당,39
답변,39
다소,39
긍지,39
좋아하다,39
일정,39
궁극,39
지리,39
확실히,39
일원,39
이념,39
아래,39
애국,39
지도부,39
풍요,39
부활,39
걸음,39
치열,38
특허,38
개척,38
투기,38
방지,38
공장,38
단축,38
여유,38
창당,38
발명,38
구하다,38
약정,38
부정부패,38
뛰어넘다,38
위축,38
교수,38
요청,38
기리다,38
서명,38
다녀오다,38
브라질,38
부르다,38
매체,38
자발,38
완벽,38
당정,38
애정,38
아우르다,38
임무,38
의문,38
포용,38
부모,38
예정,38
독점,37
바르다,37
다자,37
입국,37
국회의원,37
벌어지다,37
다가오다,37
교훈,37
국내외,37
배려,37
무리,37
침해,37
관치,37
역대,37
취약,37
집행,37
협회,37
농업인,37
찬사,37
좌절,37
다루다,37
책무,37
해방,37
사라지다,37
시험,37
가르침,37
머물다,37
적대,37
체질,37
야대,36
좌파,36
추세,36
확정,36
고속,36
유가,36
피하다,36
말레이시아,36
일어서다,36
기금,36
창설,36
영원히,36
높이,36
부상,36
정예,36
저녁,36
이대로,36
여기다,36
견디다,35
코리아,35
중단,35
변호사,35
내려오다,35
일으키다,35
카자흐스탄,35
치안,35
법률,35
연간,35
놓치다,35
여소,35
부합,35
진입,35
충족,35
광복,35
영어,35
스님,35
참모,35
비난,35
우리,35
낙오,35
흐르다,35
머지않다,35
강력,35
구현,35
서해,35
대학교,35
공원,35
임금,35
환율,35
설립,34
기존,34
안전망,34
권위주의,34
프로젝트,34
축배,34
공직자,34
공감대,34
신속,34
칠레,34
대구,34
네트워크,34
일단,34
사법,34
선물,34
취재,34
소비자,34
각별히,34
각기,34
학자,34
각자,34
일제,34
지시,34
범죄,34
가난,34
따뜻하다,34
해체,34
지도,34
당연히,34
국정원,33
특성,33
단기,33
제국주의,33
바라보다,33
국무,33
무력,33
집권,33
정성,33
오로지,33
값지다,33
쟁점,33
북쪽,33
침체,33
꽃피우다,33
무능,33
범위,33
배제,33
끊임없다,33
폐기,33
협약,33
든든하다,33
근무,33
건전,33
어쨌든,33
공식,33
진상,33
설정,33
심각하다,33
나이지리아,33
긴밀하다,33
그치다,33
투자자,33
역점,33
백성,32
사무총장,32
낙관,32
의회,32
한발,32
보전,32
확실하다,32
숙제,32
사전,32
옮기다,32
노사모,32
폐허,32
놀라다,32
현대,32
경주,32
연계,32
이뤄지다,32
억압,32
우즈베키스탄,32
폭력,32
물려주다,32
보건,32
본고사,32
둘러싸다,32
광양항,32
최초,32
수상,32
기획,32
기르다,32
희망차다,32
회원,32
아침,32
탄압,31
강대국,31
중점,31
충실,31
레저,31
국왕,31
가꾸다,31
구호,31
순간,31
밑거름,31
다리,31
괜찮다,31
강자,31
김정일,31
폭넓다,31
모자라다,31
감시,31
성적,31
단순,31
심의,31
한국인,31
공헌,31
고난,31
공항,31
감수,31
마치,31
창의력,31
설사,31
걸림돌,31
지대,31
내년도,31
막강,31
어르신,31
표하다,31
로드맵,31
달라다,31
확고히,31
경협,31
환대,31
담기다,31
선수단,31
조세,31
회사,31
특수,31
피부,30
만남,30
시도,30
비추다,30
시키다,30
가입,30
지정,30
공군,30
새로,30
재난,30
당면,30
공천,30
의심,30
실시,30
이공,30
성의,30
가계,30
실제,30
몰리다,30
도와주다,30
모양,30
베이징,30
그저,30
주식,30
불의,30
시정,30
돌리다,30
선두,30
터지다,30
영령,30
지나치다,30
작업,30
내실,30
동원,30
앞두다,30
어리다,30
비핵,29
핵무기,29
부총리,29
중소,29
금리,29
정서,29
오랫동안,29
당적,29
생존,29
임관,29
일상,29
영세,29
눈부시다,29
확고하다,29
약하다,29
철저,29
분리,29
형태,29
소방,29
임하다,29
고생,29
스포츠,29
배분,29
전진,29
손색,29
주인,29
일일이,29
주문,29
전면,29
가득,29
완성,29
주거,29
반도체,28
변방,28
중심지,28
기분,28
자기,28
쌓이다,28
그리스,28
고이즈미,28
출신,28
차근차근,28
지체,28
접근,28
냉정,28
안팎,28
진작,28
꺼내다,28
지난달,28
사기,28
발언,28
공포,28
일구다,28
비극,28
솔직히,28
매일,28
신장,28
대우,28
사용,28
욕심,28
오시다,28
다행,28
걸맞다,28
심정,28
이양,28
정체,28
머무르다,27
점점,27
브리핑,27
기조,27
소명,27
이동,27
외부,27
싱가포르,27
어업,27
탈당,27
축복,27
가하다,27
참가,27
거리,27
교체,27
어쩌다,27
사명감,27
눈치,27
금강산,27
배출,27
심판,27
비준,27
경북,27
근로,27
규명,27
찬성,27
유산,27
태세,27
교통,27
지구,27
민심,27
연말,27
절감,27
흔히,27
국민연금,27
은행,27
분쟁,27
선출,27
지내다,27
의혹,27
자격,27
비슷하다,27
편안,26
살아가다,26
밀리다,26
국방력,26
버티다,26
달리,26
간접,26
초기,26
예상,26
독도,26
진정,26
지지도,26
공연,26
대출,26
시각,26
취업,26
타결,26
공감,26
보유,26
자녀,26
망하다,26
견해,26
지자체,26
탄생,26
관료,26
분노,26
품격,26
상승,26
인기,26
가시,26
증권,26
안심,26
주변국,26
진단,26
각계,26
협의회,26
한꺼번에,26
인연,26
통계,26
부품,26
경제력,26
하늘,26
바쁘다,26
서비스업,26
미안,26
시일,26
남미,26
칭찬,25
마당,25
수렴,25
과감하다,25
비로소,25
실효,25
가로막다,25
친선,25
발돋움,25
네티즌,25
어우러지다,25
총장,25
건수,25
당론,25
호국,25
굳건하다,25
실행,25
구역,25
매력,25
문민정부,25
식민지,25
대연정,25
비록,25
김용옥,25
투표,25
고심,25
개통,25
친화,25
벌이다,25
심리,25
박차,25
실용,25
놓이다,25
인생,25
일시,25
형편,25
처지,25
상공,25
허용,25
근절,25
분규,25
한마디,25
갑자기,25
기업도시,25
부여,25
너무나,25
순위,25
이산가족,25
결의,25
나아지다,25
한쪽,24
무릅쓰다,24
충청,24
거대,24
상위,24
사장,24
떠오르다,24
전당,24
각오,24
추모,24
가져오다,24
상식,24
숙이다,24
관철,24
임대,24
정치권력,24
대접,24
개헌안,24
멈추다,24
이집트,24
세계인,24
외치다,24
굳건히,24
미사일,24
신년,24
디자인,24
북측,24
중대,24
식민,24
우뚝,24
주로,24
행정중심복합도시,24
부채,24
확립,24
영향력,24
되돌리다,24
정기,24
공기업,24
영재,24
자존심,24
회피,24
유신,24
고인,24
영상,24
충심,24
되새기다,24
소재,23
유일,23
선거구,23
대왕,23
공권력,23
근대,23
자영업자,23
던지다,23
공단,23
사교육비,23
아무것,23
한참,23
되찾다,23
올라오다,23
왕래,23
간담회,23
불안감,23
합법,23
문턱,23
수상자,23
지난번,23
도자,23
나빠지다,23
주가,23
취하다,23
폴란드,23
아픔,23
평균,23
계승,23
호소,23
시장주의,23
절대로,23
조달,23
되살아나다,23
합동,23
기쁨,23
도착,23
개막식,23
기공식,23
공학,23
재해,23
혁신도시,23
따라가다,23
오가다,23
추석,23
아무쪼록,23
준공,23
참가자,23
들여다보다,23
학력,23
동계,23
합당,23
외면,23
해당,23
부추기다,23
내걸다,23
아이디어,23
충격,23
부실,23
치사,23
동지,23
전후,23
조언,22
펼쳐지다,22
난관,22
관광객,22
단결,22
활기차다,22
기공,22
지장,22
부양책,22
대중,22
유대,22
출발점,22
경청,22
고리,22
모순,22
눈물,22
강제,22
가르다,22
이견,22
상상,22
관건,22
이외,22
발효,22
활로,22
특정,22
지수,22
장벽,22
부양,22
상하이,22
진정하다,22
회원국,22
자부,22
본보기,22
죽이다,22
잔재,22
반성,22
스탠더드,22
벌써,22
노후,22
육군,22
초반,22
발견,22
도저히,22
영남,22
여소야대,22
함부로,22
부득이,22
태국,22
용서,22
이른바,22
사유,22
자료,22
노사정,22
마음껏,22
지위,22
강구,22
태풍,22
북미,22
거역,22
생물,22
금지,22
단임,22
스승,22
상의,22
제약,22
힘껏,22
가교,21
계급,21
앞날,21
어린이,21
한국전,21
행운,21
신설,21
파견,21
잠시,21
간곡히,21
책임감,21
객관,21
성사,21
세제,21
전념,21
친일,21
선수,21
리더십,21
남용,21
장차,21
모임,21
이중,21
융합,21
꿈꾸다,21
감소,21
정직,21
코스타리카,21
간절히,21
종교,21
호흡,21
장사,21
이사,21
물가,21
연장,21
응원,21
신화,21
수지,21
주석,21
용어,21
호혜,21
똑같다,21
장군,21
대국,21
건립,21
성격,21
원수,21
지우다,21
우방,21
중장기,21
바람,21
회견,21
특구,21
중산,21
훌륭하다,21
스웨덴,21
손실,21
흑자,21
소식,21
견인차,21
극단,21
임명,21
비상,21
상대국,21
없애다,21
집값,21
내지,21
그만,21
방어,20
소송,20
악화,20
악순환,20
마산,20
새마을,20
며칠,20
지휘,20
경향,20
전화,20
강연,20
인권위원회,20
치유,20
제목,20
영토,20
쓰이다,20
관문,20
상반기,20
이바지,20
선배,20
순방,20
질병,20
피땀,20
뛰어나다,20
대문,20
직장,20
해법,20
재건,20
연속,20
수산,20
터전,20
직면,20
플랜트,20
활발히,20
다듬다,20
실수,20
지평,20
주류,20
사스,20
아랍에미리트,20
패배,20
규정,20
흡수,20
끼치다,20
하나님,20
오해,20
드라마,20
수석,20
착공,20
사이버,20
본부,20
유감,20
폐해,20
문제점,20
언론인,20
제외,20
의거,20
해결책,20
여수,20
용인,20
자식,20
호응,19
요새,19
병행,19
소득세,19
원활,19
늦추다,19
권익,19
작용,19
막히다,19
각료,19
베를린,19
군인,19
당사자,19
안목,19
고조,19
유학,19
건의,19
어떻게,19
비리,19
낮추다,19
아낌없다,19
규범,19
향후,19
배정,19
고등,19
동서,19
시련,19
활짝,19
미주,19
보급,19
재단,19
지정학,19
가져가다,19
상임,19
최소,19
제거,19
감히,19
진보주의,19
진흥,19
열매,19
이내,19
파괴,19
손질,19
드러나다,19
얼굴,19
노릇,19
봉축,19
체험,19
창사,19
감세,19
적자,19
쿠웨이트,19
새기다,19
거론,19
조심,19
표류,19
한때,19
개관,19
원전,19
배타,19
제주도,19
모국,19
대강,19
실적,19
예외,19
내내,19
이치,19
일깨우다,19
거꾸로,19
정계,19
덴마크,19
초석,19
널리,19
바깥,19
곤란,19
감안,18
성찰,18
성실히,18
부리다,18
완료,18
후유증,18
원동력,18
선의,18
전북,18
태어나다,18
아무래도,18
언론사,18
3국,18
연수,18
특혜,18
저지르다,18
광양,18
사무실,18
처벌,18
재미,18
핀란드,18
권위,18
엑스포,18
인센티브,18
지난주,18
더디다,18
인내,18
국면,18
공통,18
고위,18
시대정신,18
매달리다,18
시범,18
대덕,18
결심,18
상봉,18
잠재,18
직무,18
눈앞,18
그룹,18
접하다,18
부산항,18
평양,18
노하우,18
명령,18
부응,18
가급적,18
양해,18
급여,18
수당,18
울산,18
유기,18
어찌,18
막상,18
쾌거,18
홍보,18
하도,18
평택,18
금방,18
윤리,18
다수,18
유보,18
유례,18
폐지,18
합격,18
서신,18
반응,18
뒤처지다,18
고국,18
회의소,18
부작용,18
여왕,18
바이오,18
부인,18
물리치다,18
수산업,17
고구려,17
진짜,17
카타르,17
동행,17
충북,17
지성,17
강경,17
특검,17
체력,17
청사진,17
주간,17
군비,17
업체,17
그리하다,17
균등,17
인천국제공항,17
권고,17
설계,17
복무,17
다각,17
착수,17
슬기,17
과감히,17
낙후,17
상하다,17
옥신각신,17
탄핵,17
조류,17
학술,17
총체,17
감명,17
특화,17
풍토,17
전몰,17
이미지,17
아테네,17
병영,17
김영삼,17
무너뜨리다,17
노태우,17
증거,17
자라나다,17
올라서다,17
대변,17
단일,17
고시,17
공세,17
밤낮없이,17
민주당,17
통신망,17
기술부,17
교육열,17
급속,17
비약,17
건축,17
국교,17
현지,17
조만간,17
초래,17
지니다,17
빛나다,17
지역구,17
별개,17
자유주의,17
패권,17
혼신,17
지나가다,17
가끔,17
깨지다,17
교회,17
법회,17
지사,17
축소,16
교역량,16
소통,16
철폐,16
반목,16
공작,16
달러,16
해운,16
어깨,16
선발,16
농산물,16
개국,16
사우디,16
형식,16
노벨,16
갈라지다,16
숭고하다,16
해치다,16
비엔날레,16
축전,16
못지않다,16
당선자,16
반면,16
병원,16
감축,16
원로,16
무장,16
부도,16
사학,16
입학,16
조율,16
유수,16
끝내,16
처우,16
감면,16
빈부,16
씨앗,16
마음대로,16
명절,16
무기,16
적절하다,16
순수,16
또다시,16
위주,16
진통,16
대사,16
앞지르다,16
출마,16
발행,16
이만큼,16
대상국,16
만약,16
개설,16
노동조합,16
남다르다,16
소수,16
실정,16
계약,16
셋째,16
아로요,16
참배,16
금액,16
따라서다,16
이러다,16
신중,16
성립,16
한글,16
감격,16
점진,16
디딤돌,16
간섭,16
완수,16
틀리다,16
단순히,16
뉴스,16
아쉬움,16
국채,16
한인,16
자존,16
통치,16
주권자,16
채용,16
교과서,16
새삼,16
공고히,16
호남,16
유라시아,16
대가,16
실무,16
설비,16
경기도,16
박해,16
한민족,15
서울대학교,15
보존,15
개장,15
전개,15
조속하다,15
압둘라,15
중학교,15
아파트,15
납득,15
평준,15
사단,15
시너지,15
사안,15
선언문,15
조절,15
기대다,15
부지,15
밑천,15
깎아내리다,15
속히,15
수도권,15
대체,15
채널,15
찾아내다,15
북녘,15
유용,15
중도,15
골고루,15
희생자,15
내신,15
서남,15
보험료,15
중시,15
서열,15
들이다,15
주자,15
넘겨주다,15
경륜,15
구축함,15
숱하다,15
보따리,15
일보,15
두바이,15
기본법,15
불러오다,15
학계,15
우대,15
불어넣다,15
주둔,15
방치,15
강점,15
숨기다,15
압도,15
끝내다,15
휴대,15
학문,15
변별력,15
선순환,15
부자,15
후속,15
초대,15
세종,15
경선,15
인과,15
시급하다,15
유럽연합,15
소요,15
아들,15
영예,15
태권도,15
식품,15
짓밟히다,15
승인,15
제고,15
의도,15
민영,15
출입,15
권언,15
미처,15
여부,15
기술자,15
교환,15
자영업,15
신경,15
농어촌,15
베풀다,15
피해자,15
뭉치다,15
국장,15
짐작,15
양도,15
민주평통,15
이달,15
파트너십,15
보답,15
확장,15
콘텐츠,15
심사,15
하반기,15
통수권자,15
촉구,15
유사,15
거품,15
박물관,15
비싸다,15
열망,14
조짐,14
아동,14
메카,14
아까,14
중남미,14
누리,14
잔치,14
뒤지다,14
대등,14
안기다,14
어업인,14
어촌,14
자질,14
제왕,14
이틀,14
상주,14
자비,14
박사,14
현행,14
뿌리다,14
화학,14
이정표,14
재외,14
자이툰,14
자극,14
배후,14
교섭,14
훈련기,14
빠뜨리다,14
떨치다,14
개개인,14
당내,14
지급,14
광물,14
체감,14
연합회,14
푸틴,14
한결같이,14
융성,14
때때로,14
맞대다,14
또박또박,14
고문,14
지연,14
중간,14
중재,14
국세청,14
총액,14
물자,14
연맹,14
파급,14
증대,14
우위,14
삼가다,14
보태다,14
슬픔,14
통찰력,14
살피다,14
갈수록,14
허가,14
긴급,14
당당히,14
재개,14
과오,14
조작,14
학원,14
더욱더,14
이슬람,14
과밀,14
장치,14
개도국,14
원유,14
정립,14
계류,14
정쟁,14
재계,14
기회주의,14
협의체,14
언급,14
편하다,14
컨설팅,14
품위,14
유능,14
이기주의,14
애로,14
직결,14
국방비,14
구분,14
요양,14
현대사,14
강요,14
사우디아라비아,14
충실히,14
직원,14
종부세,14
파악,14
언어,14
망치다,14
섬유,14
실마리,14
소모,14
받들다,14
와중,14
원내,14
그때그때,14
정전,14
친절,14
결집,14
지불,14
하루아침,14
영상물,14
단위,14
정면,14
와이브로,14
대국민,14
가닥,14
장점,13
대열,13
항공기,13
기하다,13
참고,13
화물,13
과장,13
애니메이션,13
중추,13
중등,13
위임,13
폐쇄,13
기약,13
수송,13
훌륭히,13
엄기영,13
훈육,13
알권리,13
채무,13
봉쇄,13
주먹,13
보안법,13
한강,13
발전소,13
문무,13
동학,13
발사,13
오염,13
조항,13
아예,13
해답,13
사관생도,13
괄목,13
벅차다,13
총생산,13
알차다,13
살아남다,13
입지,13
힘없다,13
바이오산업,13
거짓말,13
종사,13
염원,13
블레어,13
초과,13
중부,13
해마다,13
언젠가,13
허물다,13
신사,13
공생,13
농가,13
절약,13
단호하다,13
살아오다,13
장담,13
징수,13
상응,13
해상,13
포인트,13
진로,13
수능,13
파업,13
목포,13
신속히,13
하느님,13
뒷거래,13
문화유산,13
불자,13
훈련원,13
전환점,13
시달리다,13
도서관,13
아르헨티나,13
소임,13
주재,13
당사국,13
찾아가다,13
법칙,13
양쪽,13
대사관,13
중앙아시아,13
조약,13
일찍,13
상공인,13
억제,13
출입처,13
편법,13
가중,13
대표단,13
사절단,13
경영자,13
소지,13
경제자유구역,13
독선,13
변함없다,13
편지,13
돌아보다,13
강력히,13
길잡이,13
복귀,13
선포식,13
되돌아가다,13
극단주의,13
되살리다,13
장비,13
열쇠,13
안보리,13
제재,13
평창,13
애독자,13
컴퓨터,13
헬싱키,13
경영인,13
요건,13
미흡,13
돌보다,13
최종,13
야합,13
겨레,13
인성,13
적응,13
고유,13
탈바꿈,12
학군,12
반론,12
굴복,12
불황,12
환자,12
파동,12
근원,12
경축,12
알선,12
본인,12
경향신문,12
접촉,12
제어,12
멋지다,12
밀실,12
완결,12
증오,12
폐기물,12
떨어뜨리다,12
리더,12
크기,12
횡포,12
용산기지,12
그리,12
손발,12
대량,12
판사,12
사면,12
재래시장,12
간부,12
증액,12
접목,12
보유세,12
감회,12
발상,12
저해,12
데모,12
순서,12
근간,12
연초,12
물러나다,12
비례,12
종합부동산세,12
하락,12
부러워하다,12
아버지,12
궁금하다,12
어머니,12
과외,12
위헌,12
환수,12
수구,12
백신,12
더불어,12
쇠고기,12
토론회,12
작가,12
불평,12
매진,12
상호주의,12
즐거움,12
동남아,12
간직,12
표명,12
승화,12
대기,12
보수주의,12
마음속,12
가만히,12
윈윈,12
상실,12
협력체,12
시베리아,12
구속,12
학교장,12
변함없이,12
병력,12
반하다,12
착착,12
벤치마킹,12
아프가니스탄,12
커뮤니케이션,12
버팀목,12
신예,12
표준,12
존엄,12
거세다,12
핵융합,12
온라인,12
빼놓다,12
개교,12
방폐장,12
음속,12
패러다임,12
척결,12
단합,12
고집,12
현충일,12
한류,12
연구원,12
청사,12
우여곡절,12
도달,12
국제회의,12
연평균,12
연임,12
해인사,12
자라다,12
세계사,12
나란히,12
진학,12
도구,12
고루,12
드높이다,12
외교부,12
지구당,12
부진,12
끊어지다,12
자제,12
진주,12
똑같이,12
과반수,12
인수위,12
더러,12
자리매김,12
손경식,12
국립,12
약화,12
날로,12
강도,12
연관,12
전시회,12
달려가다,12
완공,12
잿더미,12
하여튼,12
원론,12
댓글,12
평화상,12
국난,12
유통,12
파키스탄,12
치료,12
물건,12
프랑크푸르트,12
바보,12
헌금,11
불굴,11
예우,11
구매,11
배상,11
군림,11
내려가다,11
소방관,11
오후,11
총재,11
합심,11
후진타오,11
자세히,11
밀접,11
항공우주,11
낭비,11
관세,11
김해공항,11
대학원,11
득표,11
숙원,11
주의자,11
마케팅,11
발달,11
곤경,11
건드리다,11
떠올리다,11
접어들다,11
애도,11
학위,11
습지,11
도모,11
제휴,11
숙명,11
요체,11
문서,11
출원,11
비관,11
고대,11
돌파,11
고립,11
사회자,11
봉사자,11
보유액,11
통일부,11
오스트리아,11
유동,11
엘살바도르,11
불거지다,11
수익,11
후진국,11
자원부,11
채우다,11
달하다,11
과세,11
굴레,11
불리다,11
나무,11
방금,11
부지런,11
살림살이,11
적합,11
기념사,11
번창,11
링컨,11
손길,11
반발,11
열차,11
움직임,11
훗날,11
부결,11
쌍방향,11
캠페인,11
분양,11
당초,11
코리아타임스,11
밀어붙이다,11
정정당당하다,11
과열,11
업종,11
우방국,11
그날,11
경의선,11
점령,11
진리,11
개성,11
시위,11
구성원,11
도출,11
의결,11
타도,11
순조,11
대자대비,11
정정,11
상대주의,11
임진왜란,11
의석,11
각서,11
비행기,11
승자,11
마드리드,11
충남,11
서부,11
안주,11
인천공항,11
쾌적하다,11
귀국,11
북방,11
위성,11
종전,11
무산,11
강원도,11
구심점,11
맺히다,11
상파울루,11
판단력,11
주저앉다,11
쌍방,11
충고,11
백지,11
분발,11
애국심,11
열기,11
동거,11
공고하다,11
중반,11
후퇴,11
지방세,11
명소,11
대형,11
배경,11
국제기구,11
화상,11
수년,11
퇴치,11
청탁,11
둘러보다,11
직전,11
법제,11
관심사,11
기계,11
길거리,11
부마,11
유발,11
뒤떨어지다,11
노래,11
시청자,11
이의,10
관련국,10
계수,10
나이,10
생략,10
연설문,10
천황,10
휴대폰,10
겸손,10
심포지엄,10
빌미,10
6월항쟁,10
국운,10
한국군,10
예비군,10
광복절,10
분위,10
선례,10
패자,10
맞이하다,10
수역,10
힘내다,10
존경심,10
다투다,10
사리,10
항의,10
코스,10
소사이어티,10
훈장,10
원조,10
대한적십자사,10
나타내다,10
형평,10
단체장,10
신호,10
소홀히,10
반기문,10
염려,10
덧붙이다,10
단속,10
업그레이드,10
고개,10
굳히다,10
이탈리아,10
법질서,10
엘리트,10
유전,10
소련,10
활약,10
동기,10
주인공,10
제대,10
김해,10
거시,10
무안,10
앞길,10
군주,10
조장,10
궤도,10
인터뷰,10
돈독히,10
총무원장,10
팽창,10
군사력,10
구미,10
자립,10
받치다,10
차라리,10
곰곰이,10
찾아보다,10
발간,10
말씀드리다,10
방해,10
전투,10
신라,10
제자리,10
알리예프,10
활력소,10
기법,10
용의,10
비서실,10
벨기에,10
동네,10
한마음,10
국세,10
발걸음,10
수산부,10
인하,10
대한,10
방침,10
빼앗기다,10
실크로드,10
재앙,10
오신,10
어른,10
적당하다,10
항거,10
보강,10
비우다,10
성패,10
둘째,10
급속히,10
한시,10
지난하다,10
승진,10
직속,10
광범위,10
추격,10
튼튼하다,10
지하철,10
열강,10
긴박,10
헛되다,10
만반,10
가리다,10
가슴속,10
유권자,10
찾아오다,10
비단,10
짓밟다,10
물결,10
구석구석,10
허물,10
과업,10
검사,10
함성,10
정진,10
즉시,10
감내,10
김은혜,10
기아,10
출판,10
인색,10
자르다,10
현저히,10
실태,10
생계,10
사회주의,10
대축전,10
납치,10
기독교,10
보복,10
무시,10
슬로바키아,10
개원,10
예멘,10
재판소,10
고교,10
그지없다,10
노조,10
한국일보,10
만전,10
자칫,10
힘세다,10
어리석다,10
진지하다,10
기왕에,10
룰라,10
방심,10
의향,10
포상,10
마감,10
모여들다,10
건물,10
가야,10
물러서다,10
대목,10
초등학교,10
표정,10
인내심,10
고백,10
개시,10
학업,10
양측,10
당국,10
무력행사,10
불구하다,10
사관학교,10
순국선열,9
마침,9
충정,9
대입,9
두려워하다,9
의구심,9
도쿄,9
신뢰도,9
급하다,9
영전,9
유독,9
정파,9
속담,9
반대편,9
토지,9
조합,9
사진,9
현명,9
자본주의,9
실업자,9
격상,9
유통업,9
작동,9
품목,9
총동원,9
하루하루,9
분기,9
증폭,9
끌어들이다,9
의장국,9
무사히,9
선린,9
로스쿨,9
공평,9
전파,9
압박,9
공익,9
결탁,9
재의,9
독창,9
후진,9
매몰,9
이주,9
전선,9
선제,9
상담,9
장항,9
가스,9
외세,9
담보,9
브랜드,9
실리다,9
부상자,9
아내,9
방도,9
대의명분,9
변수,9
면밀히,9
끈기,9
예술인,9
교민,9
원고,9
따라오다,9
들리다,9
도장,9
게다가,9
체면,9
망설이다,9
양질,9
정국,9
재벌,9
편의,9
사령관,9
귀감,9
노령,9
날씨,9
진료,9
잊어버리다,9
본시,9
큰일,9
항일,9
집약,9
다방면,9
습관,9
교사,9
답답하다,9
반미,9
해명,9
두려움,9
해제,9
순리,9
그만두다,9
후원회,9
아들딸,9
중미,9
깎이다,9
매뉴얼,9
무게,9
융통,9
일수,9
보궐,9
아물다,9
소용,9
유린,9
경감,9
협박,9
원체,9
낯설다,9
전직,9
돌아서다,9
자긍심,9
현직,9
고초,9
수급,9
탐구,9
군부,9
여쭈다,9
이래,9
감독,9
비방,9
고속도로,9
일선,9
표결,9
과잉,9
연내,9
손녀,9
독립운동,9
기틀,9
무조건,9
그림,9
주관,9
남해안,9
짜증,9
세원,9
입주,9
섭리,9
선석,9
민자,9
계약서,9
기용,9
경사,9
전담,9
한중,9
발붙이다,9
각각,9
역경,9
무려,9
페루,9
생업,9
대의원,9
막대하다,9
총독,9
기꺼이,9
폭등,9
견지,9
전차,9
오송생명과학단지,9
후보자,9
석학,9
조찬,9
수학,9
실무자,9
맞이,9
재무,9
충무공,9
미디어,9
공산주의,9
선봉,9
모금,9
당국자,9
국익,9
기념비,9
대교,9
사천왕사,9
선조,9
비결,9
농어민,9
물질,9
두루,9
응하다,9
외신,9
첫발,9
훈센,9
기량,9
막중하다,9
은총,9
국방일보,9
병역,9
전역,9
해군력,9
억지력,9
명성,9
영진,9
축구,9
안방,9
문학,9
이점,9
진수,9
기상,9
현대중공업,9
소프트웨어,9
일찍이,9
쳐다보다,9
만화,9
산학,9
금지법,9
대양,9
국경,9
아리랑,9
쟁취,9
예고,9
경축사,9
크나크다,9
자주독립,9
조회,9
사절,9
활기,8
점유,8
속이다,8
음악,8
학년,8
천하,8
실수요자,8
잊히다,8
낭패,8
서두르다,8
어긋나다,8
블루오션,8
컨벤션,8
가을,8
난무,8
기술인,8
한중일,8
국방부,8
첫째,8
스타일,8
본전,8
총칼,8
단호히,8
선전,8
한없다,8
때리다,8
고르다,8
다가서다,8
장애물,8
변경,8
충천,8
각축,8
떠들다,8
기도회,8
남북문제,8
위배,8
재생,8
이관,8
자연히,8
개정안,8
일삼다,8
추방,8
깃발,8
특단,8
단절,8
공로,8
주신,8
유니버시아드,8
먹이다,8
호황,8
소속,8
공업,8
평화주의,8
북돋우다,8
외항,8
아랍,8
어떠하다,8
장성급,8
선포,8
열풍,8
치우다,8
요즈음,8
부두,8
기고,8
특목고,8
쏟아지다,8
더더욱,8
비축,8
유출,8
교부,8
준공식,8
헌정,8
매수,8
건조,8
철수,8
개편안,8
비자,8
휴전선,8
공해,8
전형,8
자원봉사자,8
러일전쟁,8
개항,8
부과,8
상인,8
도서전,8
정상회담,8
내빈,8
재일,8
이사장,8
매듭,8
꾸미다,8
광구,8
청구,8
신망,8
틀림없다,8
연금법,8
이룩,8
침탈,8
사교육,8
원가,8
장식,8
지니,8
거저,8
퍼주기,8
선거법,8
이민,8
불기,8
속하다,8
조상,8
증시,8
상향,8
카리모프,8
혼선,8
좁히다,8
깨달음,8
산학연,8
그르다,8
헝가리,8
머릿속,8
금년도,8
복판,8
초당,8
버스,8
소중히,8
가파르다,8
아일랜드,8
야스쿠니,8
당리당략,8
부단히,8
혹은,8
배반,8
세율,8
취직,8
충분하다,8
토니,8
비자금,8
별도,8
위기감,8
기업가,8
파수,8
수요자,8
바짝,8
마음먹다,8
해고,8
교황청,8
수없이,8
신인,8
모터쇼,8
반갑습니다,8
능률,8
구경,8
관계없이,8
매도,8
획득,8
전적,8
동료,8
거국,8
바람직하다,8
유혹,8
클럽,8
밤낮,8
대다수,8
신규,8
임용,8
평소,8
달려오다,8
함정,8
사무,8
우크라이나,8
신청,8
전경련,8
속셈,8
하여금,8
빛내다,8
일거,8
책임자,8
제독,8
내버리다,8
앞세우다,8
복잡하다,8
방콕,8
입증,8
절망,8
지역당,8
역지사지,8
장도,8
후반기,8
모험,8
얼른,8
혈맹,8
묻히다,8
앙코르,8
교단,8
직언,8
우연,8
금하다,8
기운,8
내주다,8
충성,8
상용,8
크로아티아,8
횃불,8
입안,8
보루,8
직후,8
건국,8
적십자,8
과학기술,8
오죽,8
보조,8
논평,8
한겨레신문,8
팔만대장경,8
어쩐지,8
재편,8
소용돌이,8
빈국,8
인건비,8
우월,8
충청남도,8
시안,8
대덕연구단지,8
일종,8
편리,8
이어서,8
후반,8
원화,8
추억,8
해묵다,8
이자,8
개혁안,8
태스크포스,8
방사,8
잘살다,8
개발비,8
요충,8
갈리다,8
지능,8
돌려주다,7
통폐합,7
압제,7
장소,7
징후,7
인천대교,7
예의,7
의논,7
제때,7
선점,7
연연하다,7
조리,7
기념사업회,7
발판,7
큰스님,7
워낙,7
찬반,7
유효,7
뒷조사,7
물꼬,7
처리장,7
박탈,7
감사원,7
다변,7
청나라,7
다자간,7
특징,7
의학,7
뼈아프다,7
기획단,7
캐나다,7
갈림길,7
위용,7
문화재,7
런던,7
역부족,7
상상력,7
친북,7
내재,7
황제,7
헤센,7
타박,7
수반,7
양상,7
대항,7
메커니즘,7
기후,7
출총제,7
미만,7
사이트,7
교차,7
경상남도,7
하루속히,7
대전방송,7
국무총리,7
도하,7
한말,7
인접,7
미디어오늘,7
시행착오,7
기조연설,7
서울시,7
식견,7
착실하다,7
하향,7
넘보다,7
노무,7
민감,7
경이,7
장악,7
잣대,7
시급히,7
보좌관,7
물리다,7
다수당,7
인제,7
보증,7
뉴욕,7
노동력,7
동등,7
이니셔티브,7
모방,7
택하다,7
정례,7
본연,7
야기,7
실망,7
예비비,7
분립,7
발대식,7
연기,7
착각,7
지령,7
똑똑히,7
몰아치다,7
저축,7
정보원,7
부산시,7
선박,7
강행,7
적정,7
명시,7
물거품,7
서울대,7
한인회장,7
국론,7
의존도,7
산실,7
성능,7
변모,7
시인,7
걸어오다,7
서해안,7
여간,7
수여식,7
위기관리,7
음모,7
동족상잔,7
면회,7
수재민,7
어쩌면,7
메우다,7
대담,7
호주머니,7
애청자,7
북부,7
걸어가다,7
연장선,7
앞서가다,7
형제,7
관여,7
청장,7
증가세,7
박정희,7
더구나,7
계량,7
해산,7
카드채,7
남도,7
물리,7
낙선,7
수시로,7
타당성,7
청문회,7
다그치다,7
모자람,7
월급,7
퍼지다,7
하워드,7
가치관,7
유비쿼터스,7
소홀,7
개조,7
방과,7
종식,7
요르단,7
여가,7
없어지다,7
통신부,7
최상,7
투자가,7
통솔,7
회생,7
학회,7
뒤늦다,7
친밀감,7
극대,7
청일,7
택시,7
지명,7
예술제,7
작품,7
직지,7
겹치다,7
수주,7
별다르다,7
이하,7
서프라이즈,7
민주노동당,7
시골,7
호치민,7
인선,7
사무소,7
덕담,7
이것저것,7
문민,7
품성,7
그나마,7
겨울,7
국권,7
통화,7
응답,7
바세스쿠,7
송금,7
종단,7
남북정상회담,7
방재,7
카네이션,7
창구,7
길이,7
발맞추다,7
출국,7
여권,7
공덕,7
공영,7
대두,7
당분간,7
수습,7
허심탄회,7
숙청,7
탄탄하다,7
쿠데타,7
신분,7
직선,7
허락,7
고충,7
오마이뉴스,7
다녀가다,7
권역,7
예산처,7
몰아붙이다,7
라포트,7
중생,7
가동,7
되도록,7
꾸리다,7
외우다,7
이국,7
식량,7
영웅,7
전술,7
노벨상,7
좌지우지,7
수난,7
포스코,7
파이넥스,7
사주,7
과학자,7
요람,7
변론,7
떠밀리다,7
각지,7
한국은행,7
부활절,7
예수,7
차분하다,7
마비,7
대치,7
세종대왕,7
타파,7
신고,7
넘어오다,7
명확히,7
준수,7
천주교회,7
정주,7
벨트,7
운송,7
이슈,7
견실하다,7
노르웨이,7
공기,7
집착,7
여성부,7
과도기,7
과실,7
위기설,7
점심,7
요충지,7
잠수함,7
해이,7
무안국제공항,7
소극,7
주저,7
물량,7
기뻐하다,7
약점,7
권력자,7
동북아역사재단,7
부통령,7
햇볕,7
보훈,7
가다듬다,7
절대주의,7
편중,7
튼튼히,7
국책,7
가산,7
부산일보,7
교통망,7
연륜,7
욕구,7
소원,7
발자취,7
최저,7
은혜,7
엊그제,7
양산,6
공적,6
교황,6
터널,6
부릅뜨다,6
수발,6
연안,6
실책,6
장하다,6
숙소,6
새로이,6
제작,6
표시,6
한국어,6
아시안,6
충주,6
부테플리카,6
뒷날,6
창군,6
예비역,6
선호,6
휘말리다,6
이사국,6
단언,6
심혈,6
쫓겨나다,6
오일,6
로봇,6
생색,6
취임사,6
유망,6
충당,6
클린턴,6
유불리,6
재주,6
이때,6
외채,6
부의장,6
역행,6
명품,6
특검법,6
설득력,6
흑백,6
주지,6
초중등,6
교원,6
자연재해,6
지원책,6
세부,6
단기간,6
중소기업인,6
영화제,6
대충,6
집적,6
철군,6
표출,6
만방,6
작성,6
의료비,6
방방곡곡,6
서남해,6
폭스,6
검진,6
방재청,6
고질,6
출고,6
거제,6
유입,6
법학,6
수해,6
꽃피다,6
염두,6
먹고살다,6
동독,6
다시금,6
기념행사,6
육로,6
굴하다,6
일체,6
신중히,6
바닥,6
난감하다,6
급등,6
도농,6
돌파구,6
매기다,6
석탄,6
야경,6
끊이다,6
대상자,6
아데나워,6
화두,6
죽음,6
신하,6
성역,6
일거리,6
공정위,6
소기,6
수리,6
오송,6
유세,6
프로세스,6
극동,6
얽히다,6
재미있다,6
외자,6
소금,6
자치부,6
압축,6
비서실장,6
손학규,6
지상파,6
도자기,6
민중,6
자이툰부대,6
급변,6
모자,6
해역,6
배척,6
골프,6
증권업,6
부강,6
적대감,6
적법,6
한데,6
연마,6
유연성,6
동맹국,6
외통수,6
대행,6
정산,6
임의,6
편입,6
동티모르,6
틈바구니,6
통로,6
왔소,6
나노기술,6
앞장,6
용역,6
느리다,6
껍데기,6
빙어,6
오직,6
면회소,6
영합,6
밥그릇,6
일하다,6
뽑히다,6
그랑,6
올바로,6
열의,6
공관,6
치우치다,6
사관,6
누비다,6
마구,6
금융허브,6
장보고,6
틀림없이,6
변동,6
이순신,6
추진력,6
여지,6
약체,6
일본군,6
가담,6
패권주의,6
앙금,6
상시,6
발리,6
시사점,6
사후,6
불문,6
열띠다,6
테이블,6
낭독,6
투옥,6
상원,6
청렴,6
치욕,6
이루,6
천천히,6
살림,6
지관,6
우선순위,6
민국,6
한미연합군사령부,6
치매,6
개관식,6
폭발,6
둘러싸이다,6
변명,6
저하,6
환하다,6
신년사,6
얼마만큼,6
중풍,6
유서,6
낙담,6
방통,6
복종,6
강남,6
사죄,6
말리다,6
중심축,6
단행,6
측정,6
억지로,6
노출,6
양면,6
익히다,6
왕권,6
제반,6
개회식,6
왕성,6
우발,6
엄청,6
시청,6
이분법,6
가만,6
동식물,6
고장,6
포부,6
재판,6
법리,6
솔선수범,6
잡음,6
보호법,6
태안,6
잡아가다,6
시한,6
내륙,6
국수주의,6
이권,6
의약,6
브릭스,6
철통,6
수평,6
절충,6
워싱턴,6
토양,6
겨우,6
전시장,6
시사,6
시효,6
끝없이,6
종정,6
강의,6
누차,6
부끄러움,6
피곤,6
국가보안법,6
기차,6
실물,6
깊어지다,6
순차,6
도미니카공화국,6
세출,6
지배력,6
사행,6
장부,6
여행,6
몰두,6
밀려나다,6
과목,6
깨뜨리다,6
호의,6
조용히,6
살펴보다,6
희망자,6
유해,6
김영남,6
모스크바,6
발등,6
행태,6
성지,6
변혁,6
양성평등,6
치중,6
남쪽,6
동방,6
건너다,6
전세,6
대원군,6
역전,6
고달프다,6
람사르,6
문건,6
가지,6
고래,6
치부,6
합의서,6
분출,6
추경,6
농사,6
질책,6
출자,6
골치,6
친지,6
어차피,6
목사,6
등재,6
측근,6
악조건,6
솔직하다,6
영호남,6
도래,6
저지,6
신임장,6
두뇌,6
충청투데이,6
처방,6
녹이다,6
면제,6
괴롭히다,6
차단,6
추념,6
케이블,6
이득,6
풍부하다,6
감옥,6
민관,6
채권,6
내밀다,6
간절하다,6
책정,6
신성,6
총수,6
사리사욕,6
참담,6
법통,6
피우다,6
신명,6
무고하다,6
성향,6
말끔히,6
유족,6
근래,6
부지런히,6
거스르다,6
대내외,6
민의,6
동조,6
실상,6
호남고속철도,6
제압,6
동감,6
비교적,6
유도,6
교전,6
족쇄,6
부흥,6
판결,6
민정,6
생산력,5
사역,5
법원,5
납부,5
길목,5
컨테이너,5
후발국,5
경남신문,5
내몰리다,5
독립운동사,5
외교관,5
법인세,5
제철소,5
한글날,5
흔쾌히,5
트이다,5
유력,5
시베리아 횡단철도,5
무사,5
장차관,5
경비,5
당기다,5
꺼지다,5
드러내다,5
지렛대,5
매일경제신문,5
청주방송,5
골프장,5
비서관,5
직항로,5
제주특별자치도,5
연례,5
손원일,5
각부,5
진원지,5
총성,5
전산,5
신발,5
중지,5
차관,5
끼니,5
재래,5
제막,5
중부일보,5
콩고민주공화국,5
사업장,5
몰려들다,5
내보내다,5
만행,5
원장,5
풍성,5
망국,5
줄기차다,5
공의,5
기념관,5
눈뜨다,5
시라크,5
일변도,5
어민,5
알맞다,5
서기장,5
광산업,5
설문,5
지휘관,5
외침,5
사업비,5
필립스,5
시민사회,5
기득권,5
천혜,5
유의,5
화물연대,5
유네스코,5
쫓기다,5
짊어지다,5
백두대간,5
물류비,5
주지사,5
빚지다,5
면모,5
경각심,5
문제의식,5
원활히,5
사찰,5
위안부,5
처분,5
장족,5
설레다,5
올려놓다,5
거버넌스,5
단연,5
분식회계,5
전공자,5
시도지사,5
내디디다,5
겨루다,5
카메라,5
군민,5
안식,5
머나멀다,5
냉소,5
철회,5
황금,5
일차,5
독립투사,5
복안,5
원스톱,5
최악,5
일리,5
지금껏,5
명확하다,5
강점기,5
왕세자,5
사심,5
연휴,5
합하다,5
한가위,5
복지부,5
수동,5
당연,5
오래도록,5
순직,5
시금석,5
투융자,5
산적,5
매경이코노미,5
결부,5
법장,5
웅비,5
광주전남,5
하루빨리,5
라오스,5
세브란스병원,5
슬프다,5
원불교,5
교량,5
무술,5
탈출,5
고도성장,5
공백,5
신흥,5
국민운동,5
진취,5
더하다,5
나돌다,5
비행,5
밀착,5
독단,5
대전일보,5
분수령,5
학벌,5
혼돈,5
생활환경,5
중순,5
매미,5
이산,5
교통사고,5
대물림,5
사막,5
국고,5
기강,5
연고,5
돌이켜보다,5
성장세,5
외화,5
동의안,5
전투력,5
상해,5
강원도민일보,5
이지스,5
추측,5
가공,5
일례,5
김선일,5
분연히,5
면목,5
증강,5
거절,5
시동,5
시발점,5
파고,5
의정,5
아젠다,5
도상국,5
공공연히,5
응원단,5
상회,5
어울리다,5
세계화,5
사연,5
규율,5
전방,5
두드리다,5
조폭,5
글자,5
파크,5
구미시,5
왕실,5
선보이다,5
이데일리,5
추천,5
민화협,5
맹세,5
주기,5
교육부,5
간략히,5
저버리다,5
시사저널,5
엄두,5
그래프,5
세계일보,5
의석수,5
고수,5
각성,5
회관,5
청소,5
공화국,5
명제,5
경상,5
동해,5
고스란히,5
포항,5
실용주의,5
꺼리다,5
적십자사,5
환영식,5
기능인,5
연세,5
원한,5
선각자,5
농어업,5
일사불란,5
중첩,5
정치가,5
범하다,5
온건,5
개량,5
고려대학교,5
청계천,5
득세,5
결속,5
이성,5
참가국,5
순환,5
평준화,5
타개,5
호랑이,5
비유,5
응용,5
전라남도,5
마그레브,5
유사시,5
새우다,5
화끈,5
독식,5
지옥,5
조치법,5
나노,5
수정,5
입각,5
하원,5
혜초,5
등불,5
강원일보,5
생생하다,5
떡국,5
문자,5
거부감,5
송도,5
속박,5
독재자,5
영해,5
신도,5
후세,5
펀드,5
이수성,5
항공편,5
나뉘다,5
본분,5
법치,5
업계,5
과시,5
홍역,5
법률안,5
교정,5
내통,5
육상,5
뜯어고치다,5
저변,5
막판,5
노동부,5
몰라보다,5
당나라,5
눈높이,5
만족도,5
새만금,5
병들다,5
지름길,5
고착,5
귀환,5
전수,5
봉건,5
위신,5
선도자,5
대통령제,5
참패,5
기억나다,5
일등,5
외국어,5
울타리,5
산화,5
경계심,5
봉급,5
역군,5
붉히다,5
흩어지다,5
종지부,5
첫걸음,5
그늘,5
소령,5
김치,5
물줄기,5
구별,5
필승,5
기술진,5
세계지식포럼,5
참정,5
다가가다,5
공당,5
무식,5
손상,5
양립,5
자만,5
기동,5
모레,5
풀어내다,5
인계철선,5
한물가다,5
한없이,5
잡지,5
행진,5
창조력,5
고취,5
유엔군,5
초점,5
간병,5
직시,5
교조,5
통합신당,5
헤치다,5
국산,5
빈틈,5
완비,5
앞뒤,5
전투기,5
대권,5
근면,5
전원,5
소화,5
재임,5
3자,5
데리다,5
법령,5
봉착,5
소설,5
헌정사,5
파리,5
어지간히,5
인증,5
진료비,5
묶이다,5
급증,5
남성,5
능히,5
더없이,5
제패,5
존스턴,5
전화위복,5
면면히,5
매개,5
필사,5
착오,5
기인,5
조지,5
양식,5
몰아가다,5
게이트,5
방과후학교,5
남측,5
시야,5
주춧돌,5
신의,5
소멸,5
적기,5
비치다,5
구심,5
올인,5
추상,5
반열,5
마땅히,5
김계관,5
연체,5
할머니,5
빈약,5
해주,5
알맹이,5
사업청,5
나자르바예프,5
요약,5
사외,5
쏠림,5
홍보처,5
절상,5
철도공사,5
분별,5
세수,5
음식점,5
뚝심,5
생태계,5
방미,5
근본주의,5
상향식,5
서서히,5
증세,5
간단하다,5
친근감,5
이룩하다,5
결혼,5
도발,5
국립묘지,5
중앙당,5
분당,5
배율,5
탁월하다,5
장기간,5
광명,5
면책특권,5
살상,5
공방,5
주주,5
육군사관학교,5
해군사관학교,5
기초과학,5
심경,5
도청,5
세무,5
공군사관학교,5
논거,5
클라크,5
파시즘,5
시내,5
절실하다,5
알제,5
페이지,5
날아오다,5
불식,5
강신호,5
대덕연구개발특구,5
탈세,5
감추다,5
투자국,5
직장인,5
서구,5
동판,5
교섭력,5
소장,5
정년,5
안부,5
표어,5
실종,5
적절히,5
행정부,5
부풀리다,5
형사,5
탱크,5
후원자,5
최후,5
패기,5
부재,5
경로,5
귀족,4
배양,4
명망,4
잡아넣다,4
동호인,4
불능,4
격의,4
문구,4
삼국,4
아태,4
섭섭하다,4
재현,4
수질,4
청소년특별회의,4
지식경제,4
연령,4
볼모,4
약육강식,4
다산,4
정원,4
미일,4
동양,4
생활관,4
아우성치다,4
군기,4
손자,4
친척,4
헷갈리다,4
끊기다,4
장구,4
장려,4
악수,4
유시민,4
종속,4
괴리,4
하산,4
수치,4
다스리다,4
금기,4
표적,4
대거,4
방일,4
위법,4
초등,4
차출,4
지식인,4
들어주다,4
편파,4
음식,4
엘리자베스,4
해보다,4
이듬해,4
서류,4
석주,4
타령,4
한명숙,4
보탬,4
무바라크,4
중사,4
의료진,4
몸살,4
개회,4
둔화,4
천명,4
울리다,4
전두환,4
떠받치다,4
휩쓸리다,4
화면,4
열거,4
끌어안다,4
참사,4
개발원,4
얽매이다,4
순탄하다,4
들추다,4
기념일,4
비하,4
구사,4
여의도,4
뜨끔,4
맞춤,4
세미나,4
등기부,4
유물,4
뚜렷하다,4
한숨,4
장악력,4
테크,4
연구개발,4
물동량,4
입문,4
인륜,4
지탱,4
르엉,4
위대하다,4
위촉,4
꼼꼼히,4
재발,4
인명,4
공인,4
봉기,4
방기,4
발하다,4
중일,4
초보,4
계보,4
파생,4
본사,4
공시,4
무한히,4
관권,4
종사자,4
전염병,4
말년,4
미화,4
한결,4
헤아리다,4
차상위,4
현금,4
크바시니예프스키,4
고속철도,4
특허청,4
구비,4
숭산,4
인민,4
수집,4
소르본느,4
못마땅하다,4
성공회,4
교부금,4
거들다,4
월성,4
진압,4
유야무야,4
항구,4
인류애,4
무상,4
싹쓸이,4
무르익다,4
제발,4
지침,4
뜻있다,4
카를로스,4
거짓,4
통찰,4
마닐라,4
어째서,4
분류,4
힘주다,4
운하,4
말로,4
회수,4
대운하,4
비상사태,4
실증,4
무제,4
당진,4
무단,4
정수,4
시행령,4
혈육,4
천지개벽,4
재능,4
하나같이,4
인천항,4
값싸다,4
약품,4
간호,4
기울어지다,4
불교중앙박물관,4
잠깐,4
국제기자연맹,4
퇴로,4
사재기,4
국가주석,4
향토,4
건축과,4
육군3사관학교,4
민간인,4
민원,4
개청,4
조계종,4
전산망,4
국가인권위원회,4
집어넣다,4
확률,4
지붕,4
활자,4
한겨레,4
금속,4
제로,4
메달,4
조명,4
차등,4
대승,4
참화,4
장학금,4
외빈,4
평온,4
갯벌,4
경찰국가,4
반값,4
민선,4
여기저기,4
무궁무진,4
물어보다,4
충청도,4
오래오래,4
오랜만,4
철새,4
독일식,4
전우,4
발상지,4
국세청장,4
경고,4
온난,4
중상모략,4
후임,4
서양,4
사대주의,4
케임브리지,4
상관,4
경찰대학,4
땅값,4
공수처,4
교대,4
유연,4
파도,4
부동,4
칸트,4
법치주의,4
미합중국,4
몰락,4
사치,4
아베,4
한산모시,4
단독,4
임관식,4
관계법,4
과도,4
준하다,4
후방,4
바싹,4
휩쓸다,4
수석실,4
고지,4
전업농,4
죄송하다,4
다툼,4
여대,4
깨어나다,4
빚어지다,4
가봉,4
단정,4
열사,4
억누르다,4
피랍,4
저주,4
이끌리다,4
갈음,4
광산,4
실명,4
참뜻,4
반환,4
미움,4
동족,4
만료,4
지역감정,4
피폐,4
비롯되다,4
전북대학교,4
국립생물자원관,4
끌려가다,4
적히다,4
연방,4
관념,4
예전,4
사사건건,4
불꽃,4
계절,4
한국민,4
민단신문,4
의사당,4
빗발치다,4
오래전,4
오류,4
백제,4
의약품,4
사고력,4
리온,4
환송,4
염치,4
하필,4
포장,4
불사,4
예언,4
프로,4
담아내다,4
아니,4
광장,4
해저,4
몸담다,4
성하다,4
드디어,4
천주교,4
자생력,4
초선,4
대종사,4
깔리다,4
컨텐츠,4
영남일보,4
쇼크,4
갸우뚱,4
상공회의소,4
저울,4
베끼다,4
결하다,4
수식,4
해당자,4
차리다,4
텔레비전,4
반만년,4
도널드,4
그런대로,4
벌리다,4
연해주,4
대한항공,4
뒤쫓다,4
매번,4
다원,4
시민주권,4
이코노미스트,4
실습,4
정무직,4
미덕,4
정론,4
차제,4
끄집어내다,4
수급자,4
왕조,4
지지자,4
법무부,4
악의,4
국제공항협의회,4
네덜란드,4
약효,4
밀려오다,4
구제,4
불철주야,4
동해선,4
동문,4
위인,4
분단국,4
차장,4
인플루엔자,4
여념,4
사귀다,4
푸동,4
소유,4
수혜,4
무릎,4
우왕좌왕,4
칭화대,4
명문,4
폐간,4
직업훈련,4
설마,4
그간,4
수사처,4
마약,4
체류,4
뒷바라지,4
의경,4
원만하다,4
부하,4
그중,4
마인드,4
칭하다,4
돌아다니다,4
생애,4
인근,4
교직원,4
설명회,4
덩어리,4
자주포,4
자매결연,4
원외,4
디지털타임스,4
꺾이다,4
징계,4
헤럴드,4
여주,4
타오르다,4
비료,4
동유럽,4
소년,4
추정,4
이리,4
소녀,4
저리,4
기름값,4
창달,4
정지,4
종이,4
일생,4
일각,4
원점,4
집안,4
부장,4
하이테크,4
배아,4
관람객,4
시카,4
상업,4
명실,4
복제,4
양당,4
공히,4
친일파,4
한진중공업,4
총론,4
분업,4
본래,4
중유,4
맞물리다,4
지피다,4
봉인,4
사찰단,4
동사무소,4
육아,4
가라앉다,4
융자,4
불쑥,4
치명,4
구심력,4
원만히,4
사수,4
엔진,4
정치력,4
평상시,4
세종문화회관,4
퇴임,4
되돌아보다,4
유예,4
응어리,4
로스엔젤레스,4
당무,4
불씨,4
소상히,4
뚜벅뚜벅,4
깨어지다,4
영공,4
고객,4
당헌,4
정유,4
자국,4
경계선,4
각광,4
전후방,4
연습,4
교두보,4
재향,4
호우,4
공복,4
문책,4
안내,4
여망,4
특유,4
숨통,4
시원찮다,4
이명박,4
힘든,4
전국체육대회,4
끝없다,4
심도,4
한창,4
파이낸셜뉴스,4
여객,4
비정규직,4
쫓아오다,4
지지부진,4
인격,4
내무반,4
해임,4
주창,4
유급,4
급성장,4
의정서,4
넓어지다,4
인위,4
인용,4
수시,4
천자,4
컨디션,4
교역액,4
병폐,4
파주,4
만장일치,4
볼일,4
교착,4
국제경영개발원,4
충주세계무술축제,4
군수,4
부산로드맵,4
예견,4
정치사,4
인도주의,4
함대,4
하노이,4
술수,4
거주,4
이희범,4
소신껏,4
생겨나다,4
연기금,4
협상력,4
여대야소,4
지성인,4
친숙,4
후원,4
자유당,4
허리,4
내성,4
취업자,4
턱없이,4
아시아문화중심도시,4
하나,4
함바,4
팔자,4
써먹다,4
입체,4
침묵,4
광대역,4
하위,4
들르다,4
학자금,4
상충,4
승격,4
선하다,4
졸이다,4
헤어나다,4
협동,4
소형,4
손대다,4
기간산업,4
화폐,4
푸트라자야,4
판도,4
김천,4
손가락,4
간호사,4
카드사,4
압둘,4
승패,4
구간,4
슬슬,4
교만,4
덩치,4
미간,4
발발,4
한순간,4
고행,4
고락,4
통관,4
보좌,4
편견,4
신세,4
모욕,4
에르도안,4
묘지,4
증원,4
사망자,4
급기야,4
통일신라,4
전라북도,4
우파,4
발현,4
개발도상국,4
새벽,4
보살피다,4
밀어주다,4
그러하다,4
포퓰리즘,4
강탈,4
일환,4
진하다,4
나날이,4
끈질기다,4
심층,4
띄우다,4
저렴하다,4
개업,4
슈뢰더,4
성금,4
선원,4
균형점,4
정보과학,3
싫어하다,3
맥락,3
납북자,3
사탕,3
눌리다,3
상승세,3
비꼬다,3
독려,3
민속,3
이헌재,3
엘리트주의,3
가톨릭,3
기피,3
감기,3
굳어지다,3
양반,3
나무라다,3
국립중앙박물관,3
토끼,3
창업,3
끌어오다,3
귀결,3
굴러가다,3
법대,3
인원,3
회견문,3
배신자,3
대학교수,3
토의,3
자처,3
휴전,3
총력,3
작정,3
이맘때,3
추기경,3
추궁,3
참여국,3
조제,3
화살,3
실체,3
개벽,3
다이어트,3
위선,3
재기,3
관계없다,3
선명,3
경공업,3
끄덕이다,3
정치판,3
정규,3
어느새,3
상당수,3
엉망,3
흑인,3
왕창,3
촛불,3
저러다,3
추월,3
온도,3
학비,3
급선무,3
정교하다,3
필연,3
인수,3
가시다,3
과수원,3
도탄,3
통행,3
말씨,3
이회창,3
중진,3
반사,3
하우스,3
생사,3
발원지,3
밑지다,3
금권,3
양성자,3
부러지다,3
상임위,3
면책,3
시리즈,3
서귀포,3
지배자,3
주시,3
가짓수,3
모면,3
동결,3
그리움,3
하강,3
문화제,3
비틀다,3
포섭,3
고양,3
알아보다,3
각론,3
명칭,3
한나라,3
흘러가다,3
강물,3
기자협회,3
대한상공회의소,3
집대성,3
측량,3
맞춤식,3
쟁의,3
포착,3
그리로,3
기선,3
종일,3
난민,3
벽화,3
하나둘,3
판례,3
한국말,3
잃어버리다,3
토종,3
소집,3
자연환경,3
오만,3
훌쩍,3
대덕특구,3
한국고용정보원,3
포로,3
번지,3
방문자,3
철로,3
획정,3
신안,3
한수원,3
가족부,3
자유방임주의,3
브라운,3
시중,3
하구,3
증설,3
이례,3
엥흐바야르,3
남녘,3
외주,3
보자기,3
진념,3
빠져들다,3
비대,3
사망,3
백두산,3
정책실,3
생물종,3
사패산,3
천연가스,3
식물,3
덤핑,3
유한킴벌리,3
위압,3
온실가스,3
행정력,3
등급제,3
들락날락,3
칼럼,3
최고경영자,3
일괄,3
교토,3
망신,3
전향,3
무샤라프,3
염치없다,3
교통부,3
존립,3
엄숙히,3
이베이,3
일본식,3
점철,3
학력고사,3
모래,3
처신,3
정동영,3
지원병,3
리드,3
교육원,3
김근태,3
슈크,3
지역민,3
전업,3
난개발,3
처지다,3
궁금증,3
코피,3
문화방송,3
연일,3
국가사이버안전센터,3
파장,3
파워,3
조선업,3
극한,3
레임덕,3
교권,3
남덕우,3
나카소네 야스히로,3
발원,3
일희일비,3
균형자,3
자전거,3
충원,3
꾸중,3
깊숙이,3
독립기념관,3
오바,3
가히,3
산조,3
콤플렉스,3
생각나다,3
운전,3
콘서트,3
전용,3
전력투구,3
통합주의,3
통째,3
모함,3
뚜렷이,3
동북,3
개최지,3
경상북도,3
걷히다,3
감정싸움,3
퇴근,3
말뜻,3
구매력,3
벌어들이다,3
가혹,3
붙들다,3
법조인,3
구태,3
사천,3
전년,3
진일보,3
다목적,3
서적,3
동경,3
보배,3
메뚜기,3
국부,3
데이터베이스,3
사형,3
미달,3
직위,3
정책실장,3
알뜰,3
최적,3
사물,3
무난히,3
제철,3
방북,3
복지비,3
사즉생,3
대중문화,3
폐하께서,3
영세민,3
정작,3
명백하다,3
식민사관,3
접대비,3
사민당,3
미세,3
증언,3
경보,3
얼추,3
스크린,3
질곡,3
추동,3
엇갈리다,3
뒤집히다,3
애국지사,3
깔끔,3
주말,3
로비,3
러일,3
행적,3
과중,3
잠재우다,3
협의회장,3
속성,3
고조선,3
환산,3
명물,3
저촉,3
당쟁,3
인물,3
보스,3
지상,3
승리자,3
도도하다,3
선교,3
갑종장교,3
서천,3
통한,3
지나오다,3
정석,3
떨리다,3
줄기세포,3
초토,3
추출,3
살해,3
규탄,3
적성,3
노노,3
위반,3
실컷,3
비기다,3
부위원장,3
고령자,3
일탈,3
묵시,3
라파랭,3
불편부당,3
취사선택,3
보릿고개,3
안타까움,3
역풍,3
루이스,3
라흐만,3
동떨어지다,3
독대,3
전례,3
날개,3
박광태,3
산유국,3
취학,3
미술,3
비로자,3
출가,3
파이프라인,3
계열,3
실속,3
현재현,3
중책,3
관세청,3
올림피아드,3
마르다,3
드높다,3
추대,3
당직,3
한국기자협회,3
교육비,3
중증,3
기부,3
텔레콤,3
태고,3
봉사단,3
선사,3
컨소시엄,3
금강,3
우승,3
하자,3
형법,3
소비처,3
동남아시아,3
악법,3
빙벽,3
후안,3
섬기다,3
대대적,3
땀방울,3
방송인,3
위안,3
특집,3
군사령부,3
맛있다,3
피로,3
일부러,3
대한약사회,3
다시다,3
가스전,3
합작,3
재촉,3
시샘,3
오기,3
범인,3
검거,3
워크숍,3
공급원,3
자살,3
아우성,3
상실감,3
인도차이나,3
해남,3
영암,3
한국경제신문,3
부차,3
검경,3
잔소리,3
묘소,3
조정실,3
삼중,3
대단하다,3
책망,3
죄인,3
위생,3
권능,3
인품,3
전락,3
중앙회,3
다과회,3
중위,3
통권,3
대한매일,3
위력,3
잔꾀,3
쓰라리다,3
자원봉사,3
한국전력,3
바르샤바,3
쇼팽,3
육박,3
박애,3
함구령,3
프리덤,3
적반하장,3
서두,3
카이,3
은근히,3
입당,3
요란,3
혼동,3
성대히,3
와해,3
퇴출,3
구구하다,3
부탁드리다,3
입력,3
얻어먹다,3
고건,3
다치다,3
포도주,3
호수,3
남부,3
제자,3
꽃게,3
양심껏,3
공고,3
카트리나,3
즉각,3
난리,3
성매매,3
선동,3
선심,3
음악회,3
논점,3
두르다,3
광의,3
속단,3
삼봉,3
보상금,3
탈선,3
커브,3
성취도,3
읽기,3
뭉클,3
평시,3
응집력,3
악습,3
평점,3
엄격,3
기초노령연금,3
구청장,3
본부장,3
하이브리드,3
교재,3
아마추어,3
도망가다,3
기념회,3
번번이,3
산하,3
현대건설,3
한국과학기술원,3
구슬땀,3
중화,3
마지못하다,3
밀어내다,3
친미,3
성취동기,3
스위스,3
학술회의,3
하이닉스,3
기름,3
브라질리아,3
살레,3
고무,3
요컨대,3
지원단,3
시군,3
인베스트 코리아,3
보조인,3
미련,3
북한산,3
조선소,3
시공,3
격세지감,3
시험장,3
공산주의자,3
약사,3
중산층,3
페르손,3
빌라,3
걸핏하면,3
발제,3
카리브,3
악영향,3
총수입,3
바쿠,3
현충원,3
비키다,3
유적,3
빈손,3
어디,3
민권,3
손원일함,3
은퇴,3
장성,3
도시민,3
당황,3
한국학,3
매각,3
서인,3
명나라,3
장학,3
오른쪽,3
왼쪽,3
파헤치다,3
국경일,3
입히다,3
비비다,3
법조,3
폐업,3
선뜻,3
열등감,3
도산,3
근거지,3
메르코수르,3
무성하다,3
광업,3
다당제,3
사퇴,3
뜨거워지다,3
전량,3
결성,3
헌화,3
우라늄,3
그럭저럭,3
농축,3
당일,3
견인,3
창제,3
맥컬리스,3
제임스,3
소나무,3
우익,3
좌익,3
전경,3
골격,3
보름,3
집회,3
적체,3
경찰청,3
현대제철,3
창단,3
결의안,3
지구상,3
정무,3
병사,3
태동,3
자동,3
셔틀,3
운항,3
분량,3
들여오다,3
항해,3
중앙회장,3
자크,3
성별,3
우편,3
내리막길,3
나이스빗,3
부산신항,3
황해,3
분담,3
벗어던지다,3
헬렌,3
탐사,3
선구,3
참전국,3
불용,3
공급자,3
통용,3
머뭇거리다,3
서방,3
넘나들다,3
원년,3
기수,3
굴절,3
생산액,3
기술직,3
전임,3
비보,3
행위자,3
동생,3
빠짐없이,3
국한,3
추앙,3
방관,3
일본인,3
덕목,3
특소세,3
기둥,3
쇠퇴,3
닥치다,3
특색,3
교수진,3
일대,3
자기반성,3
공산,3
부국,3
민족사,3
감돌다,3
철책,3
특강,3
선봉장,3
그리스도,3
시민운동,3
좀처럼,3
가져다주다,3
얼마간,3
칭송,3
유형,3
전체주의,3
전통문화,3
휴가,3
대대,3
내국인,3
재경부,3
모멘텀,3
핑계,3
압수,3
자자손손,3
고발,3
여정,3
사파테로,3
안희정,3
회귀,3
국방과학연구소,3
국무원,3
기로,3
수원,3
상흔,3
여름,3
선양,3
초월,3
공중,3
두드러지다,3
정식,3
양자,3
편집,3
핏줄,3
일체감,3
시드니,3
로켓,3
군인회,3
이상훈,3
노건평,3
면담,3
친하다,3
드리우다,3
진화,3
한림원,3
공통점,3
아시아인,3
판가름,3
야심,3
보육료,3
장인,3
숨결,3
악용,3
사용자,3
시상식,3
아카데미,3
실리,3
북경,3
주위,3
격무,3
손꼽히다,3
후배,3
기치,3
화랑,3
암울,3
투자처,3
두각,3
승산,3
가로놓이다,3
싹트다,3
갉아먹다,3
먹구름,3
상정,3
칭화 대학,3
광대,3
가호,3
생산량,3
투자액,3
건안,3
생생히,3
제헌절,3
직불,3
총리대신,3
구리,3
교감,3
약소민족,3
삼가,3
안일,3
일치단결,3
엄격히,3
중기,3
횡단,3
인심,3
졸업식,3
부실기업,3
다국적,3
고승,3
마저,3
뒷전,3
가야문화축제,3
누적,3
불러들이다,3
근속,3
심포지움,3
하트웰,3
성도,3
원자바오,3
진해,3
파산,3
휴일,3
충만,3
후발,3
박관용,3
종류,3
포춘지,3
미완,3
후예,3
시시각각,3
취급,3
흡족,3
헌장,3
통영,3
추경안,3
실거래,3
함양,3
기필코,3
뻔하다,3
산업체,3
위해,3
인력난,3
체류자,3
알려지다,3
복리,3
지극히,3
저마다,3
꼽히다,3
도약대,3
회기,3
현주소,3
김구,3
폐단,3
기타,3
연인원,3
뛰어들다,3
사고방식,3
우리글,3
고삐,3
채찍,3
남남,3
악재,3
누르다,3
전리품,3
잠들다,3
현존,3
기밀,3
마음가짐,3
생소하다,3
자생,3
적발,3
응급,3
각층,3
관측,3
여사,3
학연,3
기폭제,3
병장,3
신인도,3
일상생활,3
폭도,3
부관,3
도지사,3
도예,3
와이즈멘,3
기독교방송,3
팔리다,3
연세대,3
미소,3
일부분,3
특례,3
마주,3
향기,3
그레그,3
거울,3
가로막히다,3
판매,3
광역,3
멍에,3
부안,3
미국민,3
국민보도연맹,3
사카,3
형질,3
묵묵히,3
물심양면,3
감지,3
시녀,3
낙엽,3
사의,3
솔선,3
동일,3
박용성,3
과학상,3
교란,3
외형,3
부서,3
훔치다,3
상무,3
고단하다,3
외평채,3
기미,3
풍파,3
출범식,3
동포애,3
동부,3
사원,3
기정사실,3
이재민,3
선행,3
반감,3
삼성,3
대한변리사회,3
할로,3
갑신,3
무모,3
실력자,3
장단,3
국제컨벤션센터,3
당위,3
보람차다,3
누누이,3
페리,3
협력단,3
역정,3
말기,3
식사,3
노소,3
고견,3
대동단결,3
수명,3
강산,3
수차례,3
대타협,3
교관,3
졸라매다,3
갈라서다,3
바퀴,3
동구,3
밀집,3
움츠리다,3
탁신,3
디스카운트,3
현대전,3
극도,3
강원,3
시름,3
궁리,3
뒷걸음,3
참되다,3
거래량,3
반문,3
기형,3
산물,3
자성,3
정당하다,3
가령,3
유도요노,3
잉여금,3
매일신문,3
상장,3
촉매제,3
저명,3
일과,3
가량,3
심사숙고,3
사흘,3
원망,3
사방,3
발탁,3
소견,3
가용,3
공경,3
검색,3
아마도,3
발명가,3
수탈,3
저절로,3
등록,3
투신,3
대기업,3
굽히다,3
현역,3
샘플,2
속임수,2
군함,2
득실,2
돋보이다,2
새우,2
직책,2
대한제국,2
칭화,2
운운,2
내리막,2
풍물,2
재보선,2
코리안,2
쇠약,2
이력,2
시의,2
텃밭,2
적재적소,2
조직력,2
후일,2
폭격,2
되짚다,2
도대체,2
수군,2
옹호,2
노골,2
수위,2
반대자,2
직업인,2
방패,2
상기,2
빌리 브란트,2
학살,2
재심,2
의료법,2
가전,2
습성,2
밀레니엄,2
자의,2
무디스,2
말썽,2
중국인,2
이원,2
감독원,2
소송법,2
저조,2
채무자,2
좌측통행,2
우측통행,2
미봉책,2
애환,2
대조,2
사무치다,2
돌고래,2
변칙,2
전쟁터,2
김해시,2
화인,2
선장,2
불타다,2
설치다,2
밤잠,2
사법연수원,2
독립운동가,2
조우,2
정책과,2
북악산,2
홀로,2
달래다,2
몰입,2
유인,2
한국문화예술위원회,2
서로서로,2
근무지,2
조마조마,2
얼어붙다,2
외환보유고,2
구박,2
허리케인,2
탁신 치나왓,2
중심주의,2
보라매,2
생도,2
학장,2
무용담,2
대잠,2
생계비,2
분담금,2
이해득실,2
대응책,2
시책,2
내키다,2
끌리다,2
연석회의,2
어둠,2
운동장,2
자활,2
예기,2
날리다,2
세포,2
어선,2
정보기관,2
타율,2
늦어지다,2
맞닥뜨리다,2
금번,2
결정체,2
페스티벌,2
궂은일,2
경찰서,2
교육장,2
기기,2
외래,2
극히,2
묘비,2
무궁화,2
극우파,2
좌절감,2
이리로,2
투사,2
전권,2
도날드,2
꼼짝,2
안장,2
지점,2
성폭력,2
놀라움,2
도둑,2
정도전,2
깨끗하다,2
마르코스,2
특별기,2
주자학,2
핍박,2
천성산,2
전방위,2
서학,2
명심,2
선비,2
전반기,2
어학,2
팍팍,2
노심초사,2
멱살,2
정치의식,2
기개,2
고동치다,2
뼈저리다,2
애석,2
고메즈,2
아벨 파체코,2
공공사업,2
저출산,2
미주개발은행,2
넛크래커,2
김재철,2
중견,2
자산운용,2
원래,2
뒷감당,2
김기환,2
불모지,2
서독,2
1호기,2
한국항공우주산업,2
부지기수,2
큰소리치다,2
연좌제,2
해원,2
넘어지다,2
꼼수,2
추종,2
본론,2
호감,2
해사,2
추모제,2
애착,2
다양성,2
혜안,2
도중,2
요원하다,2
수월하다,2
식당,2
이국땅,2
예감,2
페달,2
자초,2
풀뿌리,2
정확도,2
최단,2
긁히다,2
일손,2
개최국,2
적격,2
속속,2
대표자,2
희망사항,2
볼거리,2
조이다,2
누그러지다,2
예인,2
소관,2
말하자면,2
가로지르다,2
색채,2
영입,2
국무위원,2
청문,2
퇴직,2
극명,2
감찰,2
자정,2
이수현,2
운명체,2
징용,2
한일협정,2
밝혀내다,2
신봉,2
출근,2
성큼,2
동아리,2
인공위성,2
관저,2
조립,2
가구,2
응징,2
일회,2
용맹,2
오부치,2
신라인,2
일쑤,2
서희제마,2
뒤엉키다,2
노여움,2
억울,2
먼지,2
오금,2
저리다,2
마시다,2
웬만하다,2
큰소리,2
보안,2
고갈,2
허비,2
사무관,2
노하다,2
자각,2
삼권,2
프리미엄,2
폴란드인,2
역임,2
매장,2
마음고생,2
고마움,2
농특산물,2
유명,2
약세,2
안동,2
김범수,2
쇠락,2
영국인,2
나태,2
역설,2
알렉산더,2
부치다,2
목포항,2
써내다,2
금세기,2
아이레스,2
귀천,2
긴축,2
남녀,2
파멸,2
자행,2
부에노스,2
마르띤,2
강좌,2
안데스,2
무술인,2
발전사,2
일간지,2
알키민,2
계획도시,2
먹을거리,2
상반,2
벤처기업,2
종착점,2
그늘지다,2
억눌리다,2
억측,2
가차,2
퇴보,2
곧바로,2
영주,2
뚫리다,2
소회,2
매사,2
시원히,2
절실히,2
최장,2
학기,2
따라붙다,2
호도,2
한국기독교총연합회,2
법인,2
도이모이,2
송이,2
그토록,2
피부색,2
저서,2
수호자,2
도처,2
모네,2
국민주권,2
점수,2
운송비,2
뒤안길,2
회복세,2
수용자,2
사흘간,2
공중조기경보통제,2
사회정의,2
며느리,2
삼각,2
다보스,2
육사,2
간과,2
온기,2
발명품,2
라흐모노프,2
타지키스탄,2
오캄포,2
직항,2
스리랑카,2
중앙은행,2
브라티슬라바,2
발행인,2
해직,2
짜이다,2
허점,2
서밋,2
가감,2
업태,2
사마르칸드,2
구슬,2
화목,2
착잡,2
경제사,2
가계부채,2
사상자,2
표방,2
퇴행,2
조달청,2
성심껏,2
엇박자,2
구석,2
사이좋다,2
박준,2
총량,2
부부,2
너머,2
화제,2
동서양,2
무한대,2
슬림,2
추종자,2
비옥,2
그르치다,2
일념,2
여러모로,2
연호,2
한국제,2
냉장고,2
우울,2
부엌,2
시어머니,2
미국식,2
대동,2
세계관,2
소강상태,2
부존자원,2
황사,2
침공,2
송도국제도시,2
청라,2
약소국,2
누각,2
통할,2
행담도,2
자평,2
인책,2
합류,2
당락,2
총괄,2
고려인,2
봉투,2
서기관,2
폴 로머,2
쪽지,2
에너지원,2
진급,2
삼성전자,2
공청회,2
재차,2
덜렁,2
연찬회,2
모독,2
어장,2
비서,2
결말,2
나이스,2
시원하다,2
정운찬,2
빅딜,2
다면,2
건너가다,2
발령,2
살인,2
서포터즈,2
열심,2
출퇴근,2
연수원,2
꽤나,2
그다지,2
구청,2
부근,2
산비탈,2
연탄가스,2
조형물,2
김정길,2
사생결단,2
국수주의자,2
민망하다,2
인천경제자유구역,2
중구난방,2
페트라,2
로트,2
관리직,2
관습,2
전설,2
앙카라,2
기념탑,2
통역,2
넘겨다보다,2
고찰,2
여지없이,2
법전,2
알리,2
수산물,2
저인망,2
환경부,2
장밋빛,2
지멘스,2
불복,2
쓰나미,2
새천년,2
요하네스버그,2
가뜩이나,2
간판,2
소추,2
브란덴부르크,2
넉넉하다,2
포커스,2
동서독,2
법정,2
코쉬크,2
협회장,2
두말,2
이라크전,2
제청,2
설날,2
애초,2
앞바다,2
국위,2
추동력,2
종목,2
삼고초려,2
군왕,2
권모술수,2
온전히,2
약제비,2
정복,2
강토,2
싹둑,2
무도,2
담화,2
결판,2
판문점,2
상존,2
세종시,2
산업화,2
미국화,2
선상,2
수출입,2
배신,2
공들이다,2
괜히,2
엎치락뒤치락,2
뒤집기,2
기어코,2
산단,2
포스트,2
폭락,2
양도세,2
퍼뜨리다,2
무료,2
등대,2
기울기,2
수련,2
특사,2
상거래,2
획일화,2
제마,2
주입식,2
모집,2
기록부,2
학생부,2
고작,2
민간단체,2
사립학교,2
무슬림,2
명실공히,2
고등고시,2
하방,2
한일회담,2
떼먹다,2
소문,2
원청,2
뜻밖,2
타운,2
관서,2
기한,2
동쪽,2
유래,2
파이,2
베일,2
국비,2
부딪히다,2
불교문화,2
하마드,2
LNG선,2
라스라판,2
시티,2
신록,2
애호,2
침착,2
선구자,2
중계,2
빗장,2
인적,2
쌍수,2
발칵,2
출현,2
그림자,2
원어민,2
버릇,2
핵실험,2
수지맞다,2
찬양,2
퇴조,2
왈가왈부,2
나토,2
야유,2
차떼기,2
배포,2
비선,2
뒷말,2
백혈병,2
매월,2
꽃샘,2
들먹이다,2
축원,2
화물차,2
남녀노소,2
통신비,2
제창,2
골병,2
온몸,2
희생정신,2
반전,2
합계,2
배럴,2
빗대다,2
묵과,2
영영,2
예배,2
각계각층,2
원심력,2
사법부,2
선고,2
세르반테스,2
푸념,2
서문,2
상투,2
마라톤,2
현신,2
의아,2
레알,2
하비에르,2
내려지다,2
번역,2
예하,2
담론,2
끼우다,2
알리바이,2
효용,2
나폴레옹,2
막연하다,2
치이다,2
휴식처,2
중복,2
옆집,2
겨냥,2
못하다,2
상관없이,2
이탈,2
수석대표,2
감사원장,2
쫓아내다,2
진용,2
버블,2
과표,2
피트,2
색깔,2
일본해,2
서면,2
막노동,2
우애,2
취소,2
미스터,2
국립대학,2
체전,2
신축,2
야생,2
헥타르,2
국립생태원,2
외래종,2
각고,2
수행원,2
변천,2
신자유주의,2
부딪치다,2
사회민주주의,2
수정자본주의,2
프랭클린,2
대처리즘,2
청약,2
장관급,2
천문학,2
몸소,2
정부조직법,2
이리저리,2
결선투표제,2
은퇴자,2
현응,2
거세,2
창원,2
꼭꼭,2
어로,2
동량,2
용적,2
제조기,2
곤두박질치다,2
널뛰기,2
타작,2
불가침,2
레이거노믹스,2
보수당,2
덜컹,2
나주,2
중무장,2
김일성,2
팀스피리트,2
경수로,2
제안서,2
부이사장,2
궁하다,2
드림,2
예쁘다,2
지원금,2
가속기,2
유홍준,2
자비심,2
거뜬히,2
앞부분,2
예속,2
두고두고,2
리본,2
메츠너,2
붉어지다,2
출렁이다,2
쓰러지다,2
널뛰다,2
노동운동,2
친밀,2
고사리,2
오래다,2
햄리,2
태안군,2
우포늪,2
방개,2
빼어나다,2
교부세,2
액수,2
세계무대,2
가입자,2
권홍사,2
영감,2
부유세,2
철길,2
화재,2
기념사업,2
생색내다,2
고정관념,2
취득,2
심보,2
얻어맞다,2
원문,2
불가,2
쭉정이,2
점심때,2
전성시대,2
볼펜,2
루빈,2
험하다,2
퇴장,2
한껏,2
국립암센터,2
화성,2
심포니,2
소태,2
혹시나,2
타산,2
이합집산,2
행보,2
기웃거리다,2
일당,2
가망,2
맛보다,2
적당히,2
병원선,2
통일민주당,2
일그러지다,2
돌발,2
고질병,2
인사말,2
이건희,2
명사,2
궁핍,2
손해나다,2
걸프전,2
기자단,2
되살다,2
게으르다,2
부르주아,2
본성,2
앞잡이,2
도요타,2
불순분자,2
교양,2
우수수,2
이인제,2
급급하다,2
항목,2
건재,2
지휘자,2
타인,2
성질,2
무참히,2
타고나다,2
루즈벨트,2
탐욕,2
사인,2
찬성표,2
건설비,2
부장관,2
혐오,2
메모,2
망발,2
도널드 그레그,2
라인,2
객담,2
귀착,2
독서,2
호헌,2
멀티태스킹,2
테두리,2
지니계수,2
선입견,2
접속,2
박살나다,2
조금씩,2
국회의사당,2
참의원,2
탈법,2
중의원,2
관객,2
지대하다,2
연구자,2
대면,2
밀도,2
대칭,2
학과,2
중등학교,2
불쾌감,2
쿼터,2
패널,2
획일적,2
여기,2
소득자,2
공시지가,2
일제시대,2
사립고,2
허물어지다,2
정중히,2
면하다,2
갈망,2
샐러리맨,2
궐기,2
문물,2
언제쯤,2
지엽,2
가계부,2
스크린쿼터,2
몰려오다,2
빠져나가다,2
조야,2
만유,2
중원,2
위계,2
반포,2
다카스기,2
난데없이,2
족보,2
다그다,2
불성,2
바닷길,2
일맥상통,2
단련,2
무선,2
농림,2
일함,2
터미널,2
알파,2
함락,2
방황,2
잔뜩,2
일련,2
대게,2
경직,2
받아치다,2
내후년,2
손익,2
금산,2
나흘,2
국제공항,2
영종,2
청라지구,2
자크 로게,2
점령지,2
연구회,2
상륙,2
처사,2
족벌,2
과언,2
라인강,2
기자회,2
전월,2
주택난,2
교통난,2
인습,2
잔존,2
탈피,2
체육인,2
임원,2
자기희생,2
홈페이지,2
국무총리실,2
신상,2
마이너스,2
하이,2
잠자다,2
굴욕,2
성탄,2
한영,2
가전제품,2
맥박,2
수수께끼,2
지휘통제,2
실전,2
법무,2
마누엘,2
적시다,2
감싸다,2
보고르,2
화력,2
재고,2
합창단,2
후생,2
목전,2
끄라나무,2
세렘반,2
생명력,2
팽팽하다,2
막바지,2
수색,2
라쉬드,2
흡사,2
의례,2
올루세군 오바산조,2
생산물,2
진흥청,2
양해각서,2
북아프리카,2
담장,2
당사,2
수여,2
저의,2
무하메드,2
시디,2
압델,2
밸리,2
진실로,2
할아버지,2
온통,2
독차지,2
확연히,2
단편,2
흐지부지,2
청화,2
시성,2
석가모니,2
정확히,2
계상,2
떳떳하다,2
차입,2
조르다,2
갖가지,2
인종,2
구멍가게,2
자산가,2
후원금,2
소감,2
호텔,2
묵살,2
유연탄,2
관계사,2
황실,2
전폭,2
통감,2
테러리즘,2
노동당,2
무지,2
모리스,2
산림,2
이에마,2
거액,2
미담,2
승용차,2
안보실,2
빠트리다,2
통보,2
결별,2
수실로 밤방 유도요노,2
천금,2
광경,2
격조,2
도외,2
우주인,2
국공립,2
도우미,2
용솟음치다,2
양육,2
초유,2
자릿수,2
한미정상회담,2
지침서,2
드물다,2
페스티발,2
송출,2
장면,2
찾아다니다,2
방코델타아시아,2
계좌,2
국무부,2
즉석,2
딴소리,2
막사,2
장가,2
방산,2
중차대하다,2
방영,2
흥망,2
깜짝,2
재무부,2
집권자,2
백범,2
조선일보,2
중앙일보,2
사설,2
가결,2
인치,2
진력,2
광복군,2
놔두다,2
방위력,2
끌어당기다,2
글로리아 마카파갈 아로요,2
도서,2
출판문화,2
주체사상,2
제정신,2
박살,2
남침,2
북침,2
척사,2
위정,2
방독면,2
가위표,2
우공이산,2
거창하다,2
청춘,2
덕택,2
아부다비,2
정답,2
한양,2
도망,2
요동,2
병자호란,2
병인,2
사옥,2
역사책,2
살길,2
임오,2
계단,2
기풍,2
뒷방,2
정조,2
광목,2
지하,2
구직,2
청군,2
위업,2
경찰청장,2
자손,2
그제,2
수로,2
일한,2
모질다,2
주먹밥,2
위정자,2
격동,2
주되다,2
내정,2
씌우다,2
구한말,2
통수,2
힘겨루기,2
참혹,2
동인,2
연개소문,2
서리다,2
구애,2
공모,2
호기,2
동남,2
타르,2
로드,2
희로애락,2
사무국,2
수모,2
유도탄,2
어느덧,2
본궤도,2
유연하다,2
홍수,2
단적,2
민본주의,2
감각,2
드리워지다,2
편히,2
세계은행,2
발칸,2
리스,2
발주,2
특별자치도,2
휴양,2
이즈,2
돌출,2
특기,2
빈틈없이,2
가로,2
집중호우,2
복구비,2
참모총장,2
취임식,2
관악산,2
카롤로스 파풀리아스,2
예술가,2
절호,2
동향,2
세배,2
아랍권,2
하네다,2
홍강,2
엄정,2
끌어내다,2
싱가폴,2
대지,2
위문,2
호되다,2
극심하다,2
곧잘,2
대덕단지,2
추계,2
밝혀지다,2
반신반의,2
돈벌이,2
김포,2
또박,2
조각,2
들러리,2
스타트,2
영리,2
옵션,2
굶주리다,2
허위,2
서식,2
최도술,2
운행,2
다다르다,2
캄캄,2
명문가,2
벙커,2
산업은행,2
잠정,2
보금자리,2
중화학,2
심기일전,2
타격,2
발전상,2
호크,2
주택법,2
산맥,2
들뜨다,2
잇따르다,2
밑받침,2
오사카,2
종료,2
전사자,2
보직,2
상황실,2
땡볕,2
발버둥,2
파시스트,2
현행법,2
정책위,2
발자국,2
제막식,2
라스,2
이승만,2
조직법,2
대전시,2
종결,2
황무지,2
시국,2
후회,2
정의감,2
쾰러,2
감성,2
하드웨어,2
따라다니다,2
조사단,2
파체코,2
아태지역,2
엔지니어,2
김우식,2
양자택일,2
합참,2
담화문,2
피쏘,2
기숙사,2
공무,2
계획안,2
운전대,2
멸망,2
편익,2
경관,2
오열,2
향수,2
관광지,2
뽑아내다,2
맘껏,2
냉해,2
드브레,2
사범,2
엉키다,2
격변기,2
연착륙,2
연극,2
국방장관,2
결함,2
복장,2
세제르,2
섞이다,2
프리마코프,2
따돌리다,2
저물다,2
급조,2
석유화학,2
공법,2
열악하다,2
패션,2
한국불교종단협의회,2
원탁회의,2
다사다난,2
톡톡히,2
사분,2
고되다,2
가름,2
생산자,2
방화,2
시민기자,2
숭하다,2
위세,2
유나이티드,2
관리자,2
시카고,2
제조,2
난처하다,2
도화선,2
정신력,2
바다위,2
부마민주항쟁,2
신약,2
유센코,2
코스피,2
정점,2
솜씨,2
제치다,2
역사학자,2
채근,2
주름,2
나침반,2
봉제,2
에어컨,2
종교인,2
이상기,2
목적지,2
차마,2
마잉,2
농경,2
급수,2
천정부지,2
기점,2
불감증,2
으레,2
압델아지즈 부테플리카,2
투신사,2
시선,2
공멸,2
천태종,2
우물우물,2
공신,2
멋있다,2
국외,2
토요일,2
경비정,2
애국자,2
직권,2
친노,2
홍남순,2
사병,2
조문,2
유행,2
흥정,2
관청,2
집합,2
마다하다,2
노약자,2
패배자,2
우렁차다,2
빨갱이,2
좌표,2
부산대학교,2
면피,2
역학,2
분점,2
휩싸이다,2
사하라,2
현령,2
영결식,2
포화,2
담당자,2
봐주다,2
적자생존,2
장대환,2
일요일,2
침범,2
효자,2
플라자,2
보위,2
날치기,2
디자이너,2
장터,2
권세,2
경치,2
창립총회,2
출간,2
부쩍,2
신병,2
주중,2
요직,2
간략하다,2
은행장,2
미어지다,2
불명확하다,2
아파하다,2
얼룩지다,2
하소연,2
위령제,2
여전하다,2
실익,2
후보지,2
여단,2
창의성,2
성장력,2
채점,2
마찰,2
소질,2
서명식,2
송두율,2
메시치,2
의연하다,2
사령부,2
영위,2
원주,2
국가주의,2
사실상,2
공개념,2
기세,2
자구,2
의대,2
가두다,2
윤곽,2
먹거리,2
연구비,2
물류비용,2
호치민시,2
좀더,2
뜻대로,2
만기,2
어린이날,2
접수,2
경품,2
사회단체,2
장시간,2
한하다,2
실리콘밸리,2
마그누스,2
저항권,2
남아프리카,2
기력,2
본뜻,2
징검다리,2
상해임시정부,2
미연,2
중앙집권,2
개통식,2
읽히다,2
보병,2
자서전,2
원통,2
편협,2
욕먹다,2
추도,2
신체,2
베토벤,2
클로버,2
한심하다,2
콩고,2
개수,2
입대,2
정언유착,2
가위,2
만원,2
생성,2
가늠,2
깍듯이,2
마냥,2
배급,2
말리키,2
열린사회,2
돌려놓다,2
경남지역,2
곧장,2
환상,2
여태,2
노와,2
한바탕,2
신의주,2
동남권,2
성큼성큼,2
갈구,2
절박하다,2
대동맥,2
짜내다,2
장해,2
세액,2
출자총액제한제도,2
강고하다,2
상납,2
유난히,2
유감없이,2
숙련,2
수재,2
축구팀,2
따님,2
조급하다,2
구차,2
선왕,2
국제통화기금,2
필진,2
끼어들다,2
거명,2
치료비,2
승낙,2
주사,2
기독교인,2
지방간,2
혐의,2
개원식,2
수출액,2
코리아헤럴드,2
개명,2
사이토,2
환류,2
한미연합사,2
오락,2
격변,2
침입,2
낙동강,2
대우건설,2
부사령관,2
방송국,2
전도,2
중립국,2
일절,2
보충,2
국제신문,2
발족,2
급속도,2
일소,2
얼싸안다,2
신조,2
신년하례,2
겨울연가,2
야망,2
공염불,2
민족혼,2
시차,2
용돈,2
대략,2
고하다,2
헌재,2
대회장,2
조정기,2
알란,2
살신성인,2
기고문,2
청렴도,2
지새다,2
주부,2
법률가,2
터놓다,2
여행기,2
바야흐로,2
메이드,2
톨레도,2
보관,2
중계실,2
잔류,2
비평,2
팽개치다,2
페르난데스,2
어처구니없다,2
마하티르,2
이란,2
브루나이,2
광양만,2
속속들이,2
환영사,2
대구경북,2
파격,2
부끄러워하다,2
누계,2
취미,2
보조금,2
옥포,2
체포,2
절규,2
특별지방행정기관,2
설익다,2
착복,2
단단히,2
도미니카,2
불러일으키다,2
윤영하,2
이토록,2
붙잡히다,2
연세대학교,2
역세권,2
전문지,2
용도,2
조그마하다,2
독감,2
공존공영,2
파기,2
교장,2
게을리,2
라고스,2
선임,2
다물다,2
황우석,2
친인척,2
비로자나불,2
소수자,2
준이치로,2
상환,2
퍼센트,2
과수,2
우량,2
고민거리,2
지각,2
영업,2
사업체,2
컨퍼런스,2
우물쭈물,2
감시자,2
다름없다,2
신랑감,2
시라주딘,2
망설임,2
훈훈하다,2
키르츠네르,2
매출,2
허리띠,2
경기장,2
낙성,2
개미,2
광활하다,2
겨누다,2
경탄,2
조인식,2
동여매다,2
공공시설,2
면적,2
방역,2
과다,2
비밀,2
무적,2
집배원,2
수거,2
실험장,2
메모리,2
동질,2
버금가다,2
부디,2
가옥,2
숨김없이,2
동요,2
무디다,2
유아,2
교신,2
남편,2
이종혁,2
적시,2
실은,2
투지,2
뛰어가다,2
최고인민회의,2
낙점,2
낱낱이,2
주둔군,2
유동성,1
한국개발연구원,1
신자,1
합의제,1
청백리,1
도너,1
중과세,1
공천장,1
쓰다,1
방호,1
관찰,1
게이츠,1
사고팔다,1
생필품,1
계몽,1
방산업체,1
의식주,1
거래세,1
사뭇,1
소환,1
소총,1
어뢰,1
달아나다,1
젯다메카,1
경착륙,1
당도,1
빚내다,1
메디나,1
실수요,1
학부형,1
첫해,1
동격,1
대일,1
자결,1
에반스,1
합치,1
김일,1
순회,1
박약,1
처우와,1
교황 베네딕토 16세,1
레바논,1
헤인,1
욕심내다,1
그릇,1
청구권,1
소양,1
친일반민족행위 진상규명위원회,1
선별,1
죄악,1
부뚜막,1
알뜰히,1
한결같다,1
삼풍백화점,1
새집,1
기동력,1
난폭,1
사우드,1
호마이드,1
무죄,1
청운,1
홍희,1
뱃길,1
바오지르,1
초순,1
뒤차,1
기울다,1
필름,1
엎치락,1
화이트,1
괭이,1
이해영,1
소방수,1
확약,1
농단,1
일용,1
입찰,1
사려,1
오르내리다,1
누수,1
고금,1
뒷짐,1
끗발,1
에이드,1
보드,1
원포인트,1
아지즈,1
가신,1
대시,1
발표문,1
주니어,1
자천,1
온상,1
타천,1
삼위일체,1
오인,1
대항마,1
로마,1
관사,1
불분명하다,1
지지율,1
덮어쓰다,1
감행,1
변신,1
날짜,1
정보화,1
흘려보내다,1
거처,1
지선,1
징조,1
훨훨,1
정관계,1
직간접,1
피레스,1
소주,1
가부간,1
괴로움,1
자취,1
유보라,1
타이밍,1
인혁당,1
거침없이,1
차선,1
착안,1
장한,1
뒤집어엎다,1
베르토네,1
서쪽,1
배우,1
경제학,1
사업회,1
끝머리,1
불순물,1
세계정세,1
맹목,1
자유로이,1
둘러대다,1
재산세,1
무위지치냐,1
원서,1
사회구성체,1
보고회,1
고하,1
명륜동,1
전민련,1
기성세대,1
집례,1
무위지치,1
몰아넣다,1
불빛,1
교리,1
공금,1
닫히다,1
매매,1
호락호락,1
건네다,1
우스개,1
베네딕토,1
복자,1
정색,1
미사,1
과학도,1
플랜,1
스페인어,1
무위,1
손수레,1
멀리하다,1
입원,1
팔미도 등대,1
목자,1
곱절,1
강론,1
바오로,1
베르호프,1
와들와들,1
무주,1
성하께서,1
타르치시오 베르토네,1
부동산세,1
순교,1
교육과,1
빈민,1
요한,1
운세,1
자유주의자,1
순국,1
문장,1
키워드,1
시치미,1
기업체,1
밟히다,1
법조문,1
숙지,1
서구식,1
버릇없이,1
섭취,1
문맥,1
맞히다,1
이종욱,1
도전자,1
기만,1
앞다투다,1
메이저,1
밀려가다,1
졸병,1
여쭤보다,1
차츰,1
삼면,1
농토,1
단백질,1
제도하,1
삐걱거리다,1
획책,1
잡화,1
공과,1
정화,1
아편,1
공산품,1
항로,1
영구불변,1
현학,1
구름,1
돌입,1
유관,1
다름없이,1
간선,1
인술,1
메뉴,1
거리낌,1
단골,1
경마,1
경력,1
이상수,1
거취,1
시제품,1
액션,1
메이킹,1
매치,1
간신,1
장막,1
단도직입,1
논법,1
일일,1
변호,1
집적지,1
황영조,1
이봉주,1
대전광역시,1
접부,1
쓴소리,1
박시환,1
눈여기다,1
찬찬히,1
등용,1
위래,1
생활상,1
범주,1
개성상인,1
싸매다,1
쫄딱,1
정신병자,1
피셔,1
윗사람,1
부기,1
뉴저지,1
헤이그,1
이준,1
즉흥,1
국채보상운동,1
깜박깜박,1
짜깁기,1
태극기,1
만세,1
삼천리,1
줄거리,1
연속선,1
달가워하다,1
요하다,1
댓가,1
전자민주주의,1
준법,1
장외,1
환경기술,1
제자리걸음,1
사각지대,1
일반인,1
많나,1
부산역,1
비아냥거리다,1
뒤따라가다,1
마린,1
진찰,1
시군구,1
기준선,1
옥토,1
문화원,1
이가야,1
프란시스코,1
집중력,1
리베이트,1
로호,1
흡입력,1
포석,1
고메스,1
처방전,1
복식,1
체게,1
판박이,1
비상시국,1
논문,1
판정,1
단추,1
상품전,1
호세 루이스 로드리게스,1
축구단,1
가야르돈,1
경제학자,1
성과주의,1
납세,1
육체,1
교육청,1
팔라치오,1
위도,1
엔트로피,1
알타,1
동굴,1
피카소,1
매시,1
머플러,1
플로어,1
가우디,1
애국가,1
케이스,1
작곡,1
안익태,1
지중해,1
자양분,1
배격,1
장년,1
심성,1
오수,1
반경,1
안토니오,1
위원단,1
조종사,1
항공사,1
웅장하다,1
원료,1
사토시,1
이노쿠마,1
카네카츠,1
이희,1
현해탄,1
오아시스,1
보류,1
엄중,1
정신과,1
유쾌,1
양허,1
곡창,1
넘버,1
급격하다,1
카스피해,1
캄차카,1
제스카스칸,1
모성,1
김충배,1
연동,1
복수,1
전임자,1
유휴,1
이민자,1
엘리아스,1
지하수,1
봄날,1
김하중,1
결정판,1
백미,1
한자,1
중인,1
이두,1
으뜸가다,1
국어,1
리자,1
오싱,1
횡령,1
물소리,1
풍치,1
계곡,1
담그다,1
격주,1
제단,1
김천시,1
계엄군,1
신음,1
부둥켜안다,1
백방,1
고을,1
범죄인,1
영면,1
캐피탈,1
모태,1
이택순,1
휘두르다,1
지치다,1
직급,1
향유,1
밑그림,1
보듬다,1
노트북,1
놀람,1
덕망,1
광고판,1
몸부림치다,1
아체,1
정신대,1
유숩 칼라,1
모하마드,1
히다야트,1
종기,1
수기야토,1
병주,1
목재,1
자카르타,1
조림,1
자족,1
틔우다,1
직분,1
악마,1
남한,1
임정,1
일가,1
유정회,1
불변,1
기정,1
김성주,1
뭇매,1
좌우명,1
당의,1
이완,1
밤늦다,1
보도문,1
게재,1
소송비용,1
주리다,1
닛폰,1
불가항력,1
선언식,1
삭감,1
발표회,1
예선,1
동이다,1
쿠푸어,1
가나,1
베냉,1
키크웨테,1
탄자니아,1
강릉,1
밑바탕,1
체아심,1
크메르,1
격언,1
하모니,1
끗멩,1
역조,1
김관용,1
법규,1
아너스 포 라스무슨,1
부산광역시,1
데스크,1
서울경찰청,1
울트라,1
바르게살기운동중앙협의회,1
어기다,1
방편,1
허망,1
카라만,1
이스,1
디미트리스,1
다스칼로풀로스,1
요르고스,1
알로고스쿠피스,1
재정부,1
아싸나스,1
라비다스,1
남상태,1
바닷가,1
농외,1
유조선,1
유임,1
그리스인,1
라운드테이블,1
철학자,1
워크아웃,1
에게해,1
트라이안 바세스쿠,1
고의,1
생일,1
제가바세스쿠,1
빌토르,1
바비욱,1
광고물,1
오페라단,1
내한,1
체타테,1
와인,1
루마니아어,1
그리스어,1
전동차,1
문맹,1
랏트나시리,1
원안,1
서한,1
녹지,1
부풀다,1
차표,1
남산,1
농경지,1
농특세,1
춘천,1
의정부,1
동두천,1
접경,1
군부대,1
중심부,1
위크라마나야카,1
시가지,1
마루프,1
바킷,1
후안 소마비아,1
국제노동기구,1
스틸리아누,1
폴리도라스,1
바실리오스,1
시디스,1
파파고스,1
스파르타,1
테오도로스,1
베라키스,1
창작품,1
아크로폴리스,1
콘스탄차,1
소프,1
트윈,1
서덜랜드,1
폭압,1
영욕,1
암살,1
호외,1
박토,1
아름드리,1
쓰레기통,1
장미꽃,1
악평,1
폴리,1
누르술탄 나자르바예프,1
등식,1
명백히,1
구속자,1
주름살,1
피테슈티,1
봉고,1
고바야시,1
차례상,1
이래저래,1
응급실,1
우리말,1
선현,1
화창하다,1
한글학회,1
세종대왕기념사업회,1
훈민정음,1
해례본,1
언어학,1
표현력,1
자조,1
실로,1
장사정포,1
따로따로,1
페트롬,1
체르나,1
루마니아인,1
변리,1
농작물,1
우등,1
과학기술포럼,1
오울루,1
힐투넨,1
유시,1
파유넨,1
람스테트,1
문법,1
저술,1
실크,1
축재,1
시발,1
유학생,1
매개체,1
석간신문,1
서막,1
한목소리,1
불가리아,1
대화체,1
다이나믹,1
굴곡,1
사원주주회사,1
간간이,1
주독,1
실망감,1
균열,1
어서,1
몽땅,1
놀음,1
413,1
서릿발,1
정칭,1
가피,1
원력,1
홍돼지해에,1
송곳,1
부도나다,1
할부금,1
집세,1
과천,1
끌어가다,1
부활전,1
종파,1
일정표,1
사장교,1
가게,1
관중,1
모건,1
합중국,1
팔레스타인,1
명세서,1
대각개교절,1
음식업,1
숙박업,1
곤두세우다,1
위헙,1
체온,1
분기점,1
시나리오,1
국가행정,1
딱딱하다,1
하야,1
절로,1
실생활,1
회의감,1
다큐멘터리,1
공화,1
항주,1
대정부,1
중경,1
불평불만,1
모처럼,1
해동,1
못되다,1
엉겁결에,1
세간,1
산행,1
안보실장,1
동네방네,1
고위급,1
발길,1
동아일보,1
김혁규,1
기죽다,1
공대,1
종로,1
훤히,1
꿰뚫다,1
거제도,1
홍창선,1
밤새다,1
본회의,1
LG카드,1
프로디,1
G7,1
김영진,1
반쪽,1
공치사,1
주책,1
자승,1
자박,1
해결력,1
팀스,1
일렬,1
외톨이,1
타임즈,1
뛰어오르다,1
세심하다,1
겁주다,1
연말연시,1
애끓다,1
일조,1
불하,1
관료주의,1
돌변,1
구걸,1
기관장,1
경쟁자,1
유치원,1
해악,1
늘어놓다,1
한계선,1
산아,1
벙어리,1
몸조심,1
꾸벅꾸벅,1
상극,1
나프타,1
저만치,1
대망,1
서투르다,1
꾸역꾸역,1
신비,1
개탄,1
사들이다,1
영자,1
물어내다,1
거가대교,1
새것,1
늘이다,1
초지일관,1
우직하다,1
노동관계법,1
학제,1
패러당미을,1
회교,1
한국행정연구원,1
야단법석,1
테크노크라트,1
강세,1
노년,1
이곳저곳,1
구직자,1
상담원,1
늦춰지다,1
읍면동,1
상담실,1
접어놓다,1
떠맡다,1
데이트,1
강지원,1
티브이,1
말대꾸,1
구암,1
보유국,1
마카파,1
엇나가다,1
선친,1
천년,1
구문,1
사이사이,1
실시간,1
비서관실,1
월간,1
안착,1
뒤적거리다,1
괘씸하다,1
한잔,1
표리,1
내부감사,1
노여워하다,1
목판,1
맞붙다,1
리잘,1
대장경,1
통치행위,1
통치권자,1
상호주,1
차용,1
증서,1
박봉,1
고스톱,1
원광대학교,1
손님,1
빅토르,1
성황,1
아난드 사티아난드,1
파이낸셜,1
마이클 제프리,1
살맛,1
칼버트,1
데이빗,1
호컷,1
케빈 러드,1
영구히,1
영하,1
승승장구,1
철광석,1
시합,1
사우스,1
웨일즈주,1
쉴즈,1
이구택,1
인천시,1
펠릭스,1
보물,1
레이드,1
브로드,1
밴드,1
과학관,1
사이먼,1
아놀드,1
웰링턴,1
리차드,1
위스,1
제작소,1
흉내,1
털끝,1
재미없다,1
전화기,1
윤봉길,1
까무러치다,1
사시나무,1
감군,1
잡종지,1
금싸라기,1
상업시설,1
박남필,1
독립협회,1
화관,1
독립문,1
거들먹거리다,1
줄줄이,1
몰려가다,1
총무,1
재원이,1
명색,1
불가사의,1
지상전,1
연구실,1
시집,1
하기,1
과학기술정책,1
총기,1
군내,1
평등권,1
민화,1
해치우다,1
밥상,1
뒷돈,1
거래법,1
한국주택금융공사,1
이봉창,1
투병,1
찰과,1
타박상,1
소진,1
전환기,1
분석력,1
궁지,1
전철,1
멀쩡하다,1
꽁꽁,1
클라인,1
아가,1
로렌스,1
내포,1
사문난적,1
함경북도,1
홀스트,1
긴급히,1
여파,1
불확실,1
동창,1
술자리,1
실례,1
소득세법,1
재빨리,1
구르다,1
곱사등이,1
길들이다,1
천지,1
바로미터,1
타이프,1
중학,1
리야드,1
준위,1
발급,1
세종특별자치시,1
공연장,1
합계출산율,1
통합교육,1
피치,1
만점,1
할애,1
묵직하다,1
허전하다,1
버그,1
단상,1
금융업,1
자주성,1
능가,1
적립금,1
교육법,1
금품,1
향응,1
농수,1
안정세,1
상한,1
한국행,1
가점,1
기대감,1
공공부조,1
종자,1
학년도,1
농산어촌,1
제주영어교육도시,1
돌봄,1
답방,1
국방위원회,1
신생아,1
물품,1
대표부,1
생리,1
빨리빨리,1
가속도,1
원산지,1
반입,1
매출액,1
모리스 그린,1
잦아들다,1
궁금,1
제시간,1
산발,1
차량,1
첩경,1
남동,1
별명,1
그럴듯하다,1
절망감,1
계장,1
마중,1
잡수다,1
간추리다,1
자락,1
방관자,1
열렬하다,1
팔짱,1
상세히,1
외무성,1
회담장,1
경과,1
도노휴,1
산모,1
돌보미,1
구입,1
고든,1
어조,1
자지,1
어물어물,1
어휘,1
인제군,1
펴내다,1
기든스,1
장갑차,1
앤소니,1
걱정거리,1
로이터,1
진흥법,1
발사체,1
외나,1
말조심,1
수의,1
럼스펠드,1
체니,1
중상주의,1
지상주의,1
원자재,1
적잖다,1
보통선거,1
대책반,1
파풀리아스,1
사통팔달,1
테오도어 루즈벨트,1
솔리대리티,1
국유,1
격려사,1
혈통,1
해상도,1
음성,1
축산,1
증권거래소,1
군사기술,1
베이스,1
진폭,1
가맹점,1
한국선물거래소,1
시민과,1
선수권,1
진천,1
레테,1
하락세,1
산정,1
공동보조,1
내국세,1
원예,1
아열대,1
서식지,1
멸종,1
이북,1
전북대,1
유정,1
익산,1
대하,1
낙오자,1
방명록,1
발달사,1
위정척사,1
교조주의,1
도덕률,1
후자,1
경로당,1
유류,1
사리다,1
비핵화,1
토머스,1
권선,1
김상근,1
국민투표법,1
예비,1
유명무실,1
기회균등,1
기성,1
치우쳐,1
신선하다,1
낙인,1
밸여준,1
막다르다,1
행복도,1
장단점,1
결선,1
국지전,1
녹슬다,1
곤두박질,1
난마,1
강경책,1
분지르다,1
자문위,1
가벼이,1
융성기,1
산고,1
캔버라,1
입법예고,1
단시간,1
경상도,1
전라도,1
상심,1
애타다,1
과반,1
촉박,1
논밭,1
속수무책,1
급식,1
보험법,1
법사위,1
수용소,1
정치범,1
교섭단체,1
출석,1
이제야,1
오차,1
국제평화재단,1
세계대전,1
침소봉대,1
수레바퀴,1
김태환,1
재정법,1
투어,1
돋우다,1
농악대,1
안전처,1
한여름,1
전공,1
고등학생,1
간신히,1
평가법,1
관례,1
저널리즘,1
부각,1
생모리츠,1
입원비,1
건강보험,1
상쇠,1
석방,1
현인,1
엘 하지 오마르 봉고 온딤바,1
5도,1
병상,1
건교부,1
행자부,1
지방민,1
인구이동,1
서둘다,1
계정,1
만해,1
지방대,1
사업단,1
테크노,1
방책,1
생활비,1
공기관,1
야드,1
이케다,1
연구진,1
환기,1
탄소,1
연구소장,1
거르다,1
퇴색,1
갓난아이,1
LG전자,1
팬택,1
중언부언,1
덩이,1
침략자,1
백전백승,1
분계선,1
감개무량,1
한라산,1
대대로,1
방문지,1
덩달다,1
내국,1
이날,1
천신만고,1
각축장,1
데이터,1
가야산,1
여름밤,1
불량,1
방대하다,1
장경,1
문화예술,1
복간,1
북항,1
거행,1
신정아,1
머독,1
정윤재,1
처남,1
공포정치,1
철권통치,1
주옥,1
폭로,1
제보,1
변제,1
달인,1
추락,1
낙마,1
흉기,1
케인즈,1
대변인,1
행하,1
팀워크,1
강철,1
끼얹다,1
토지공사,1
주택공사,1
도로공사,1
독촉,1
외상,1
소나기,1
찬물,1
불상사,1
불룸버그,1
굉장하다,1
따먹다,1
치수,1
어족,1
고기,1
까먹다,1
내민,1
되돌아오다,1
전략산업,1
발족식,1
노비,1
토지개혁,1
운동사,1
반제국주의,1
시류,1
농민군,1
돈독하다,1
아메리칸,1
약동,1
정교,1
황룡사,1
보석,1
어치,1
합의문,1
그다음,1
성화,1
불바다,1
입씨름,1
응수,1
순식간,1
틀어지다,1
동전,1
총구,1
유훈,1
무마,1
태우다,1
신청서,1
매달다,1
헤어지다,1
총부리,1
제네바,1
면박,1
경수,1
고속철,1
빼먹다,1
전해,1
추렴,1
시간대,1
밀약,1
남포,1
빙빙,1
그을다,1
맘대로,1
플래카드,1
으르렁거리다,1
도둑놈,1
취조,1
유럽의회,1
도심지,1
산업단지,1
나눔,1
부수다,1
뒷모습,1
서자,1
환골탈태,1
찢기다,1
영문,1
문제없다,1
소방원,1
우환,1
샌드위치,1
나룻배,1
맹방,1
불가분,1
파란,1
핀잔,1
존치,1
주눅,1
무작정,1
뒤통수,1
항명,1
질의응답,1
본문,1
교체기,1
일사천리,1
정치철학,1
참작,1
형편없이,1
문패,1
뒷부분,1
물러가다,1
법도,1
축하금,1
만족감,1
지목,1
인질,1
의용,1
소방대원,1
시설물,1
믿기다,1
이변,1
풍수,1
달걀,1
해안,1
방문객,1
알렉산더 버시바우,1
버웰,1
대추리,1
한겨레통일문화재단,1
무용,1
멀티미디어,1
동작,1
이준희,1
로그인,1
법당,1
비행장,1
이륙,1
때마침,1
친견,1
날아다니다,1
쉽사리,1
융창,1
내외신,1
문화재청장,1
국보,1
들쑥날쑥,1
횡재,1
함량,1
캡슐,1
동맹군,1
연봉자,1
찌푸리다,1
눈살,1
협력사,1
철구,1
쿠르드,1
비화,1
감소세,1
체인지,1
독주,1
바람막이,1
외압,1
미결,1
한시법,1
연봉,1
잘나다,1
백년대계,1
낙관주의,1
조례,1
분할,1
억지,1
특별시,1
경기지역,1
임지,1
클러스트,1
문화관광부,1
반짝반짝,1
랜드,1
밝아지다,1
일층,1
김태호,1
공상,1
달콤하다,1
항생제,1
석박사,1
골간,1
주무르다,1
왕년,1
신뢰감,1
전문연구요원,1
헤지,1
성경륭,1
국민주,1
편의주의,1
우월주의,1
내시경,1
어쩌고저쩌고,1
현저하다,1
이류,1
퍼트남,1
콜먼,1
후쿠야마,1
공동체주의,1
참조,1
지론,1
달음박질,1
도라지,1
이론서,1
한우,1
받침,1
맴돌다,1
만능,1
뭉뚱그리다,1
몬스터,1
식료품,1
강경파,1
갈대,1
억새,1
화포,1
경제생활,1
동구권,1
순풍,1
경색,1
무역상,1
껑충껑충,1
의무감,1
모국어,1
우기,1
데이비드,1
웃돌다,1
반가워하다,1
한복,1
시행자,1
하야리아,1
추후,1
깨우치다,1
아무,1
반향,1
메아리,1
조심조심,1
고마워하다,1
거지,1
광화문,1
통일각,1
앞쪽,1
구경거리,1
괄시,1
딴전,1
이목구비,1
떼자,1
이빨,1
경전철,1
경유,1
국제선,1
로베르토,1
창포,1
붓꽃,1
흐드러지다,1
비관주의,1
낱알,1
농장,1
벌레,1
떨기,1
송장,1
가지가지,1
코터,1
무당벌레,1
주남저수지,1
충분조건,1
쉥겐,1
흔들,1
유로,1
공판,1
가람,1
정감,1
전국시도지사협의회,1
세목,1
부익부,1
빈익빈,1
흡수력,1
지식수준,1
전정,1
행렬,1
이웃집,1
극렬,1
에브게니,1
카이후 토시키,1
피델 라모스,1
뛰쳐나가다,1
한족,1
자금법,1
석권,1
국민중심당,1
재보,1
흐리다,1
무임승차,1
격돌,1
편승,1
계산기,1
슬쩍,1
종적,1
인턴,1
태산,1
솔로몬,1
아기,1
제언,1
부석,1
운동선수,1
패배감,1
모호하다,1
아우,1
괴롭힘,1
도사리다,1
호콘,1
근저,1
의료원,1
논란거리,1
잘잘못,1
본회의장,1
구웅민,1
변화무쌍,1
얄팍하다,1
바그다드,1
도둑맞다,1
아니하다,1
간구,1
의인,1
코카서스,1
잔인,1
장정,1
계간지,1
북유럽,1
해탈,1
민권운동,1
갑오,1
의의,1
여미다,1
옷깃,1
껴안다,1
심판대,1
무르다,1
대각개교,1
무량,1
낙원,1
일제히,1
뒤집어씌우다,1
타협안,1
비애,1
우편물,1
리언,1
거두어들이다,1
수로왕릉,1
가락국,1
영담,1
정토,1
토옹,1
평화민주당,1
상임위원회,1
게르,1
영일만,1
타미르강,1
로도이담바,1
라발,1
차드,1
칭기즈칸,1
남바르,1
신민당,1
아옹다옹,1
예사,1
동체,1
아론슨,1
무어윌튼,1
맥스,1
철강사,1
주차장,1
벅차오르다,1
손짓,1
발짓,1
대통령직,1
책자,1
보시다,1
첨병,1
바위,1
거름,1
낙과,1
페리호,1
뭉뚱,1
노임,1
대계,1
타성,1
공전,1
태업,1
몸싸움,1
소선거구제,1
급상승,1
장난,1
국태민안,1
도지다,1
상관없다,1
박차다,1
전략가,1
거세지다,1
내색,1
타들다,1
황급히,1
동서고금,1
희생양,1
십자가,1
계발,1
욕설,1
투항,1
신당,1
일터,1
처절,1
송두리,1
제주국제컨벤션센터,1
엉기다,1
트레일러,1
중히,1
천재,1
선거공영제,1
획일주의,1
폄훼,1
화답,1
로마노 프로디,1
위민,1
단념,1
이메일,1
이면,1
반송,1
검역,1
막연히,1
제약업,1
오렌지,1
닭고기,1
모차르트,1
돼지고기,1
역외,1
가죽,1
협상단,1
비엔나,1
공허,1
매국,1
줏대,1
반대론자,1
사료,1
유하다,1
장향숙,1
정화원,1
엘리베이터,1
특수교육,1
디지탈,1
홍천,1
반곡초등학교,1
중고등학생,1
어학연수,1
수업,1
교과,1
말하기,1
슈베르트,1
하인츠 피셔,1
성품,1
운반,1
가님,1
우거지다,1
아랍어,1
이중과세,1
건설과,1
기상천외,1
바지선,1
금자탑,1
구조물,1
철골,1
일화,1
젯다,1
김선동,1
안카,1
최태원,1
걸프,1
사바,1
아흐마디,1
석유공사,1
SK건설,1
집집,1
의향서,1
아티야,1
에너지부,1
파이살,1
타니,1
열렬히,1
타입,1
신도시,1
하수,1
레젭,1
도로망,1
산간벽지,1
서희부대,1
의과대학,1
미묠제,1
어물전,1
구식,1
입학처장,1
인하대학교,1
어감,1
코드,1
퓨전,1
핸드폰,1
격찬,1
차차,1
들쭉날쭉,1
양속,1
과일,1
꼴뚜기,1
피터,1
뛰어다니다,1
장맛,1
흔적,1
일반고,1
엄연히,1
세칭,1
어머님,1
쪼개다,1
아드님,1
오키프,1
뚝배기,1
배리,1
택배,1
평민,1
검소,1
등록금,1
키엣,1
사립,1
자격시험,1
사당,1
대만,1
암기,1
죽어나다,1
독선생,1
부잣집,1
일류대,1
망연자실,1
고사,1
등수,1
동점,1
머릿수,1
게임업체,1
출제,1
면접,1
사립대,1
수필,1
가정환경,1
성적순,1
취향,1
바이어,1
하타,1
이를테면,1
일률,1
평상,1
암기식,1
학료르,1
집계,1
열린교육,1
기자재,1
조기숙,1
근방,1
대적,1
인간관계,1
소용없다,1
산출,1
과하다,1
무시로,1
단서,1
추도사,1
친분,1
가열차다,1
끈끈하다,1
점거,1
호불호,1
언론학자,1
부지불식간,1
시신,1
바둑,1
인간사,1
창안,1
바이마르,1
영구 평화론,1
반대말,1
대문짝,1
분파,1
염증,1
울음,1
나치즘,1
태초,1
이데올로기,1
부르짖다,1
버스럭지,1
정치다,1
대변자,1
전사,1
쾌도난마,1
반란,1
사민주의,1
말재주,1
훑어보다,1
직관,1
태평성대,1
한물,1
선거권,1
계급투쟁,1
기호,1
장전,1
공화정,1
에이브러햄,1
전천후,1
내제,1
악천후,1
강단,1
사회주의자,1
구원,1
예언자,1
메일,1
솟구치다,1
결단력,1
노획물,1
자루,1
되돌다,1
말귀,1
동맥,1
부득부득,1
모나다,1
추호,1
자만심,1
샅바,1
기제,1
와글와글,1
난동,1
유념,1
영빈관,1
단장,1
웅고,1
알프레도,1
자명하다,1
패배주의,1
후광,1
한몫,1
본색,1
서슴다,1
망언,1
위락,1
모로,1
학정,1
몰아내다,1
모략,1
걷어붙이다,1
만주,1
광부,1
같아지다,1
세계평화공원,1
지금쯤,1
치료기,1
발병,1
카트라이트,1
수주액,1
활약상,1
버즈,1
뒤끝,1
자재,1
콘크리트,1
서슬,1
웃통,1
합당하다,1
분해,1
권태,1
두들기다,1
좌파냐,1
전년도,1
여행객,1
메가,1
트렌드,1
불량품,1
신변,1
반민특위,1
기나길다,1
풍조,1
몰표,1
영남지역,1
쑥쑥,1
열외,1
간단히,1
전자계산기,1
요금,1
요행,1
도깨비,1
방망이,1
흥부,1
결손,1
오락가락,1
냉소주의,1
딸랑,1
인준,1
반동,1
공무원법,1
실용신안,1
묘미,1
전전긍긍,1
입맛,1
받아쓰기,1
관급,1
산자부,1
껍질,1
일말,1
그래도,1
오블리,1
설거지,1
노블,1
정통부,1
관계국,1
이대,1
타이르다,1
치밀하다,1
귀동냥,1
과기부,1
백해무익,1
가판,1
가재,1
애교지,1
초록,1
동색,1
추파,1
권하다,1
어이,1
엉터리,1
아저씨,1
험악하다,1
총평,1
이야말로,1
암초,1
사패산터널,1
출연,1
좌시,1
토막,1
곡선,1
이쯤,1
내자,1
독무대,1
국물,1
트럭,1
애먹이다,1
타락,1
사티아난드,1
끝장,1
복지사,1
영유아,1
특허분쟁,1
내막,1
골짜기,1
아슬하다,1
악담,1
여하튼,1
허실,1
톱기사,1
제프리,1
사발,1
닦달,1
성토,1
다민족,1
자화자찬,1
윤광웅,1
대미,1
패키지,1
응축,1
국무회의,1
잡기,1
침몰,1
좌초,1
빈둥거리다,1
머리기사,1
통속,1
재력,1
청취자,1
서울시장,1
비법,1
보호원,1
정치학자,1
복음,1
상속세,1
왔다갔다,1
행정지도,1
해수,1
미사여구,1
역성,1
접대,1
비데,1
깔아뭉개다,1
심산,1
역사의식,1
호각,1
올라타다,1
오로로,1
엎질러지다,1
실격,1
충동,1
속출,1
호칭,1
거칠다,1
로버트,1
전대미문,1
일면,1
슬그머니,1
끔찍하다,1
인전,1
고상하다,1
생가,1
도와드리다,1
넓이,1
물질문명,1
선결,1
알제 대학교,1
팔아먹다,1
착취,1
우량주,1
월등,1
카르텔,1
뻥뻥,1
과장급,1
수록,1
고전,1
웃기다,1
진도,1
초년,1
연혁,1
대마불사,1
라면,1
애사심,1
애용,1
훈수,1
만능주의,1
제일주의,1
은밀히,1
만사,1
책략,1
불어닥치다,1
독보,1
작황,1
반대쪽,1
미쿨라쉬,1
역사가,1
집필자,1
윤리관,1
도약기,1
한메르꼬수르,1
거싱,1
가역,1
겸허히,1
라자팍사,1
상하,1
공화당,1
수락,1
장강,1
쥬린다,1
심장부,1
타트라,1
고성,1
온천,1
오렐리,1
한국신문협회,1
인쇄,1
신구,1
국리민,1
탈북자,1
집행력,1
냉랭하다,1
정말로,1
지인,1
해운업,1
심해저,1
삼각주,1
젊음,1
측우기,1
미지수,1
한정,1
석사,1
학점,1
이해찬,1
백서,1
연명,1
엄선,1
거듭거듭,1
구심체,1
공소,1
아웃소싱,1
윤성식,1
묘하다,1
브레이크,1
내팽개치다,1
합헌,1
꾀하다,1
기관원,1
약탈,1
인화,1
공주,1
천시,1
맹자,1
월드,1
칼집,1
인맥,1
고어,1
맞벌이,1
대전엑스포,1
방범,1
청색,1
남해,1
남극,1
소아,1
나흘간,1
우회,1
적임자,1
귀향,1
바가지,1
필생,1
기차표,1
장거리,1
유교,1
시계,1
파리행,1
당규,1
분란,1
산세,1
민병,1
금전,1
지방분,1
발신,1
임대료,1
투기지역,1
붕당,1
노려보다,1
맥주,1
골프채,1
매니저,1
김치냉장고,1
촉발,1
소비재,1
정몽주,1
금리정책,1
집권당,1
심기,1
북극,1
총영사관,1
여와,1
실내,1
포용력,1
위기의식,1
에디트 크레송,1
대중교통,1
산성비,1
에드윈 퓰너,1
구스마오,1
진작에,1
헤리티지,1
사활,1
수직,1
내주,1
영종도,1
코너,1
안상수,1
에이멕사,1
한러,1
청두,1
테마파크,1
휴양지,1
인천지역,1
교각,1
간격,1
상사,1
에프엔포,1
캠프,1
점하다,1
민사,1
끌어대다,1
이사회,1
칸쿤,1
수수,1
알짜,1
피에러,1
하인리히,1
테마,1
편찬,1
젬브리츠키,1
선관위,1
협동조합,1
재직,1
공제,1
호르스트 쾰러,1
동베를린,1
소외감,1
클라우스 보베라이트,1
경연장,1
인텔,1
한국투자공사,1
불패,1
알리안츠,1
바스프,1
롤란트,1
코흐,1
비브리히,1
달아오르다,1
수출국,1
카셀,1
도쿠멘타,1
문호,1
괴테,1
후끈,1
회자,1
전모,1
횡행,1
아보,1
구로,1
몰지각,1
방조,1
피맺히다,1
기 소르망,1
아스타나,1
각박하다,1
지구전,1
비장하다,1
지방도,1
사필귀정,1
보여주다,1
김학수,1
클라우스 퇴퍼,1
하루히코,1
아시아개발은행,1
정족수,1
뒷문,1
장관실,1
진척,1
녹색,1
회의실,1
못다,1
키애룸,1
구법,1
모트,1
내역,1
수입금,1
잔여금,1
대전시장,1
무관,1
힘닿다,1
속도감,1
지역할당제,1
광고,1
대학인,1
과외비,1
고대인,1
고려대,1
이기,1
전자제품,1
이삿짐,1
아프로시압,1
탕평,1
시즈,1
우춘,1
나지모프,1
김용구,1
타슈켄트,1
꾸짖다,1
초등학생,1
폄하,1
광주방송,1
하부,1
여분,1
시사매거진 2580,1
피어나다,1
관장,1
명멸,1
교차로,1
병목,1
중소기업청,1
갈지자,1
천차만별,1
요망,1
비닐,1
상아탑,1
죄송,1
낙산사,1
신봉자,1
실언,1
기회주의자,1
네트웍,1
격렬하다,1
우츠미,1
만만찮다,1
요시오,1
여력,1
마주치다,1
무역수지,1
첼렌크,1
무럭무럭,1
산불,1
덮어놓다,1
어윤대,1
염불,1
유암,1
청빈,1
이천,1
말슴,1
마리브,1
차후,1
아이콘,1
갈증,1
꼬깃꼬깃,1
강현,1
멈칫멈칫,1
연륙교,1
디트로이트,1
후렴구,1
박진규,1
에위니아,1
민자당,1
저리로,1
훼방,1
청주,1
통령 정부,1
안도,1
조순,1
민정당,1
토피아,1
사기극,1
금강산댐,1
비웃음,1
전생,1
간극,1
일석삼조,1
연수회,1
갈라놓다,1
들춰내다,1
풍랑,1
기탄,1
은폐,1
공급지,1
충직,1
간언,1
알아주다,1
알아차리다,1
노림수,1
불타오르다,1
푸대접,1
돌부리,1
쓸데없이,1
협치,1
어림,1
벌벌,1
급커브,1
재우다,1
솬이,1
따오다,1
수중,1
영농,1
아무튼,1
안전지대,1
학도,1
로스앤젤레스,1
단식,1
그해,1
전교조,1
휩쓴,1
급박,1
덤벼들다,1
한탄강,1
국적,1
묘책,1
이지원,1
매주,1
유실,1
팀장,1
팀원,1
자세하다,1
경포대,1
자랑삼다,1
팍스,1
아메리카나,1
획기,1
시간표,1
혈맥,1
얼버무리다,1
모니터링,1
박성국,1
여하,1
가방,1
사이에서,1
앨빈,1
효울,1
토플러,1
직함,1
건설업,1
플린,1
그로하,1
대주주,1
한전,1
물리학상,1
영접,1
영도력,1
정평,1
양구,1
지티판,1
세계도자,1
나라꽃,1
둥지,1
클릭,1
문학계,1
습작,1
피나다,1
등단,1
볼라뇨스,1
니카라과,1
바르쉐,1
과테말라,1
리암스,1
뒤서다,1
스쿠버,1
줄곧,1
콘라드,1
유달리,1
우려먹다,1
행세,1
증명서,1
울분,1
서유럽,1
뭉개다,1
점잖다,1
합의점,1
산증인,1
T50,1
후세인,1
연락,1
공격기,1
미셸 로카르,1
경제부,1
양쳉,1
시원시원,1
피서,1
비센테 폭스,1
궁전,1
디에고 리베라,1
멕시코인,1
다이빙,1
유카탄,1
반도,1
발렌틴,1
디에스,1
페르난도,1
카날레스,1
친근하다,1
상술,1
분투,1
유행어,1
의총,1
쩌우지,1
캠퍼스,1
결딴,1
칭화따쉐,1
수권,1
갇히다,1
호감도,1
사하다,1
폭력배,1
꼬이다,1
전격,1
귀추,1
엿보이다,1
전송,1
꾸빙린,1
로열티,1
벌집,1
쑤시다,1
지뢰밭,1
널리다,1
위풍당당,1
공장장,1
주방,1
컨센서스,1
거수기,1
세관,1
숨소리,1
헝클어지다,1
응급조치,1
권업회,1
대오,1
덩샤오핑,1
장쩌민,1
해열제,1
가요,1
스타,1
질식,1
연유,1
선처,1
리밍,1
건의안,1
들이대다,1
공리,1
장이머우,1
중국어,1
동업,1
전자부품연구원,1
세계무역기구,1
어젠다,1
신호탄,1
남발,1
파괴력,1
작년도,1
대표권,1
살짝,1
샤오캉,1
반증,1
승부수,1
서영,1
대응력,1
상륙작전,1
펄쩍,1
주롱지,1
중앙군사위,1
대한국민의회,1
선대,1
화질,1
십시일반,1
폭탄,1
주저앉히다,1
풍전등화,1
용두사미,1
표범,1
추위,1
자야,1
푸트라,1
페낭,1
주행,1
바이오칩,1
펄펄,1
보완책,1
껑충,1
터뜨리다,1
투기장,1
국립보건원,1
부라리다,1
곤혹,1
분식,1
기술원,1
월권,1
수임,1
연평해전,1
오창,1
범죄자,1
합숙소,1
합판,1
단결력,1
신진대사,1
여타,1
괴로워하다,1
산천,1
변절,1
경과보고,1
하순,1
고촉통,1
모처,1
오대양,1
유한,1
명운,1
가렴주구,1
지페이,1
이원종,1
단죄,1
좌우익,1
의병,1
레지스탕스,1
이제껏,1
불리우다,1
시혜,1
안배,1
우전,1
단번에,1
경력자,1
저어새,1
두루미,1
학대,1
암논,1
카르미,1
의료인,1
국가고시,1
후반부,1
밤새,1
일개,1
정당화,1
다케시마,1
르노,1
생고뱅,1
질타,1
스와,1
일렉트로닉,1
마이크,1
사무엘,1
까르푸,1
부침,1
카츠,1
주요인,1
좌고우면,1
클레멘스,1
라디오,1
원단,1
글라스,1
개소식,1
장루,1
정취,1
해당국,1
한국공인회계사회,1
허위공시,1
주가조작,1
효력,1
밀접히,1
사도,1
체증,1
양날,1
불가사리,1
리엔지니어링,1
금언,1
젊은이들,1
땡큐,1
현황,1
갈루,1
케네,1
크바시니에프스키,1
비스,1
행원,1
선불교,1
선방,1
벽안,1
누란,1
아벵,1
남몰래,1
신학,1
이역,1
발신지,1
특급작전,1
조완규,1
총감,1
세이예르,1
로베르,1
장티푸스,1
부유,1
콜레라,1
식민주의,1
슈망,1
두루두루,1
도올,1
신한국,1
공용어,1
전령사,1
일익,1
가입국,1
신신,1
숙박,1
저가,1
그계,1
디지털화,1
식음료,1
학교생활기록부,1
개인차,1
이동식,1
훈련비,1
양호,1
도취,1
대여,1
빈틈없다,1
무관하다,1
회오리바람,1
국호,1
달려들다,1
굴뚝,1
민족화해협력범국민협의회,1
누이,1
대비책,1
눈길,1
창작,1
자전,1
공모전,1
송년,1
침수,1
번복,1
시그널,1
제전,1
라틴,1
아메리카,1
통설,1
정설,1
팡팡,1
매부,1
곡절,1
실버,1
다운사이징,1
응당,1
종언,1
내던지다,1
미디어크라시,1
청취,1
흠집,1
되게,1
데모크라시,1
강습,1
스튜어트,1
자연경관,1
대도시권,1
문경,1
대견하다,1
묘안,1
공공복지,1
중식,1
결식,1
상하위,1
방학,1
보호자,1
밀턴,1
타협점,1
대규모,1
인해,1
중상위,1
구독,1
굴종,1
순이익,1
탄리,1
페식,1
시마네,1
월말,1
타우바테,1
국기,1
생동감,1
또래,1
빈말,1
제라,1
자축,1
불끈,1
전담반,1
부리,1
모잉또,1
G20,1
탕감,1
포미,1
캄피나스,1
파울리스타,1
오버린,1
칼텍스,1
빠울루,1
스카프,1
상공업,1
허바드,1
청과,1
의리,1
목포시,1
목포대교,1
연달다,1
염무웅,1
긴급조치,1
풍속,1
문인,1
김장수,1
지형,1
세련,1
안창호,1
않다,1
우리당,1
순종,1
개혁개방,1
당직자,1
천정배,1
이부영,1
억제력,1
똘똘,1
인천 유나이티드 프로 축구단,1
충성심,1
기증,1
아프카니스탄,1
본고장,1
택견,1
투약,1
부시장,1
각막,1
약학,1
농구,1
부에노스아이레스,1
살룻건배,1
베가,1
별칭,1
라틴아메리카,1
끼르츠네르,1
경지,1
농축산,1
도야,1
동상,1
포교,1
중앙승가대학,1
기우,1
필립,1
한솥밥,1
세이버리,1
심장,1
뒤덮다,1
농업국,1
산업국,1
백일하,1
복선,1
순천,1
팀블릭,1
한국전자통신연구원,1
세안,1
왕립,1
이사벨라 버드 비숍,1
버튼,1
자선,1
생산요소,1
사용료,1
사이언스,1
신상우,1
통일관,1
루디,1
신덕,1
음악원,1
아렌다르스키,1
왕궁,1
퀴리,1
하동,1
최고액,1
주춤,1
동남아국가연합,1
인사동,1
현대식,1
석상,1
한남동,1
소일,1
한자리,1
산티아고,1
가사,1
자아,1
파블로,1
네루다,1
장엄,1
심사대,1
화산,1
심심하다,1
경쟁국,1
모아이,1
살룻,1
하회마을,1
촉매,1
달러화,1
문화콘텐츠,1
간소,1
아부,1
쵸말리,1
사야손,1
강압,1
비엔티엔,1
캄타이,1
판돈,1
각급,1
에딘버러,1
살금살금,1
취재진,1
페어플레이,1
푸미폰,1
모리 요시로,1
자넷,1
누님,1
다레살렘,1
프레토리아,1
어르다,1
조세프,1
광주문화방송,1
아시아태평양경제협력체,1
허준영,1
집념,1
광주MBC,1
닷새,1
세르게이 미로노프,1
정지선,1
전문인,1
자유세계,1
인터넷망,1
세빗,1
연중,1
경희대학교,1
손정목,1
내력,1
입담,1
곁들이다,1
부덕,1
대전지방법원,1
초임,1
어렴풋이,1
해약,1
물밀다,1
밀려들다,1
매기,1
안전띠,1
절도,1
곰팡이,1
보육비,1
자력,1
김명립,1
룩셈부르크,1
전초,1
이기명,1
일신,1
우리별,1
티엔,1
장수천,1
산업부,1
정찰,1
쑥덕거리다,1
선거철,1
스러지다,1
영규,1
호앙,1
윤리법,1
타향,1
신탁,1
맞닿다,1
쥬르차니,1
치엔치천,1
진보라,1
해양부,1
이구동성,1
식성,1
다운,1
남학생,1
여학생,1
연두,1
서희,1
빠듯하다,1
환매,1
동시베리아,1
사임,1
쇄신,1
기흥,1
쌍용자동차,1
김만수,1
사가,1
지성사,1
엠게우,1
이만하다,1
박종달,1
결제,1
로모노소프,1
사도브니치,1
간성,1
덜컥,1
메리,1
재선,1
켈트,1
환경오염,1
정문,1
미온,1
삭이다,1
급격히,1
자위대,1
블라디미르,1
한국과학기술한림원,1
대응조치,1
넌지시,1
입버릇,1
난장판,1
도정,1
문현동,1
귀향길,1
호남인,1
산사태,1
판잣집,1
흙더미,1
참변,1
야스히로,1
도서실,1
스크랩,1
일본어,1
설레이다,1
뒤적이다,1
정신병,1
황폐,1
망각,1
본점,1
어찌어찌,1
나카소네,1
모라토리엄,1
강북,1
수료,1
사견,1
곧이어,1
귀중하다,1
여럽누,1
우랄,1
바이체커,1
대외비,1
찢어지다,1
밴쿠버,1
인간성,1
책상,1
오리다,1
개소,1
끼이다,1
뒤편,1
과로,1
화근,1
안전판,1
울상,1
오연호,1
특산품,1
이만저만,1
불심검문,1
얼마든지,1
소용돌이치다,1
몸가짐,1
양론,1
오명,1
생활고,1
조석래,1
파란만장,1
주경야독,1
정중하다,1
분분하다,1
할인점,1
탄식,1
운송업,1
근접,1
신용도,1
어쩌다가,1
한탄,1
저항력,1
토로,1
나팔수,1
연차,1
베트남전,1
자유총연맹,1
의뢰,1
당수,1
자급,1
방제,1
공민,1
신춘,1
밀짚모자,1
참모진,1
뉴딜,1
낳르,1
현격히,1
참신,1
의연금,1
쓸모,1
은사,1
흘러오다,1
서부사하라,1
신바람,1
세밀히,1
전액,1
복숭아,1
수확,1
감나무,1
정상은,1
임기응변,1
중개,1
연락선,1
찬동,1
짓눌리다,1
운수업,1
중압감,1
회신,1
개보수,1
대꾸,1
총리실,1
개화,1
무라야마,1
자국민,1
노르망디 상륙 작전,1
프랑스인,1
돌멩이,1
공언,1
연후,1
결재,1
이의근,1
양부,1
암흑기,1
피해자들,1
카프,1
옴부즈만,1
유관순,1
봉환,1
한경,1
동심,1
경제지,1
개척자,1
성쇠,1
젖히다,1
억장,1
요지,1
혁자,1
기관차,1
국정연설,1
잡담,1
겉돌다,1
이끼,1
신원,1
빌붙다,1
사슬,1
포탈,1
꼬박꼬박,1
망라,1
리더쉽,1
적개심,1
간교,1
고배,1
증상,1
득표수,1
자기주장,1
크리스마스,1
민주공화국,1
유례없이,1
선거관리위원회,1
기록물,1
무형,1
비디오테이프,1
되어가다,1
논조,1
지급액,1
천마,1
철옹성,1
계엄,1
백약,1
무효,1
틀어막다,1
고해성사,1
다지,1
음반,1
차분히,1
온두라스,1
파나마,1
모랄레스,1
패자부활전,1
고졸자,1
남자,1
수학여행,1
주거비,1
마그레테,1
중후반,1
창조성,1
서핑,1
습득,1
창씨개명,1
분석원,1
쐐기,1
은행연합회,1
연쇄,1
포르투갈,1
밀림,1
이분,1
미약하다,1
사서,1
읍내,1
배재,1
폐인,1
야전삽,1
곡괭이,1
순응,1
이쁘다,1
생활공간,1
컨셉,1
외투,1
언어도단,1
삼청,1
김포하네다,1
메세지,1
문득,1
동성애,1
제법,1
뒤따르다,1
그나저나,1
스파이,1
쑥덕쑥,1
스스럼없이,1
도맡다,1
올챙이,1
개구리,1
외곽,1
히로유키,1
상담사,1
구라타,1
엄단,1
사생활,1
사여,1
다미스케,1
김병준,1
와타누키,1
두서없이,1
자민련,1
단어,1
의뢰인,1
재야,1
찍히다,1
재판부,1
한구석,1
제병,1
양념,1
무리수,1
어마,1
돌려쓰다,1
간접세,1
한국기독교교회협의회,1
상징물,1
두브로닉,1
플리트비체,1
남동부,1
신문인,1
심히,1
대공,1
파편,1
스텔스,1
주정,1
자립도,1
최신,1
설교,1
간증,1
원융,1
회통,1
귀틀집,1
실비아 카트라이트,1
지어내다,1
병탄,1
아키히토,1
관학,1
포위,1
한일의정서,1
징발,1
군정,1
망루,1
가설,1
설파,1
이시다 바이간,1
누명,1
유적지,1
한독,1
건배시즈우춘,1
원해,1
외양간,1
토론방,1
대함,1
상관관계,1
미꾸라지,1
메기,1
잡아먹다,1
국민자본,1
어러,1
차익,1
노리다,1
민영화,1
티무르 제국,1
이용객,1
사과드리다,1
유자,1
철사,1
국제학교,1
헤세,1
공항철도,1
세계도시,1
농정,1
마리오,1
바스케즈,1
라냐,1
통나무,1
손기정,1
한반도기,1
환호,1
유용성,1
취합,1
휴식,1
공보관,1
보기,1
국영,1
담뱃값,1
기합,1
군국주의,1
가오하,1
우야히야,1
블로그,1
아흐메드,1
이태용,1
시아드,1
샤미,1
아이뉴스24,1
충혼,1
이사우에네,1
태양광,1
옮겨가다,1
마그레비,1
다라,1
봉사원,1
청소년적십자,1
단원,1
독과점,1
크메르인,1
와트,1
크랑폰리,1
문화엑스포,1
깜뿌찌어,1
대로딬,1
손바닥,1
연예인,1
주종,1
하라우비아,1
마이너,1
세리프,1
실사,1
수개월,1
시한폭탄,1
부업,1
장장,1
연병장,1
김갑,1
성과물,1
겸비,1
달구다,1
김선홍,1
견고하다,1
회손,1
나제르,1
가발리,1
하자르,1
조건호,1
오보,1
사자,1
잔디밭,1
종족,1
허겁지겁,1
슬금슬금,1
무스타파,1
벨로,1
심해,1
요령,1
바란우비,1
정부개발원조,1
따히르,1
로그,1
가디언,1
나와,1
요법,1
지하경제,1
건봉사,1
불로,1
영수증,1
신식,1
외환은행,1
벌떡,1
꼬박,1
다층,1
교유,1
황당하다,1
독학,1
수출품,1
어린아이,1
농부,1
당번병,1
시운,1
똑똑하다,1
새우잠,1
소대,1
꿀리다,1
프랑크,1
영화인,1
상영관,1
게시판,1
엄창호,1
연합뉴스,1
이기심,1
침투,1
포털,1
원조국,1
평판,1
깔때기,1
배속,1
정과,1
첩첩산중,1
실직,1
아래쪽,1
위쪽,1
착시,1
도표,1
해결사,1
해자,1
원상회복,1
만병,1
주범,1
지가,1
거래가액,1
별것,1
봉이,1
반공,1
용공,1
끌어내리다,1
말살,1
머니투데이,1
경호,1
판별,1
편차,1
어찌나,1
전세금,1
혈세,1
메마르다,1
대대장,1
숨쉬다,1
영유,1
일방통행,1
행하다,1
철퇴,1
왜놈,1
몽진,1
윤두수,1
유성룡,1
학창,1
또렷하다,1
톈진,1
겸허,1
갑신정변,1
위안스카이,1
압송,1
미노루,1
신일수,1
사회인,1
군자,1
창피,1
인조,1
이인호,1
정묘호란,1
사대부,1
교도,1
이순신함,1
이단,1
금쪽,1
명치,1
좇아가다,1
앞일,1
연합사,1
무로후시,1
별거,1
어떡하다,1
다이내믹,1
연정토,1
남생이,1
중러,1
뒷걸음치다,1
켄지,1
요동치다,1
교통로,1
커티스,1
주량,1
풍기다,1
속설,1
노예,1
미야하라,1
간사,1
동우회,1
카쿠타로우,1
미일중러,1
한국통일부흥위원단,1
쳐들다,1
통틀다,1
통사,1
총선거,1
왜군,1
대도,1
쳐들어오다,1
사제,1
대군,1
아킬레스,1
뒤쪽,1
선망,1
상국,1
교직,1
태종,1
총화,1
연합군,1
원성,1
여하간,1
연공서열,1
선후배,1
매이다,1
소상,1
진퇴,1
안위,1
사진전,1
메카트로닉스,1
곡식,1
강렬하다,1
집행부,1
턱걸이,1
방전,1
혼내다,1
명쾌하다,1
카리브해,1
얼싸다,1
칠흑,1
채소,1
지진,1
가분,1
주요국,1
꿈틀거리다,1
오데르나이세,1
국경선,1
뿌리치다,1
장르,1
색다르다,1
문정,1
개산,1
우드로 윌슨,1
야구,1
세종대,1
결점,1
천민,1
민본,1
사군,1
육진,1
떳떳이,1
군축,1
반짝,1
타진,1
만발,1
소란,1
베틀,1
천자문,1
북중러,1
말미암다,1
일본 경제 단체 연합회,1
야전,1
미얀마,1
완충,1
몸부림,1
장수,1
볼기,1
연방제,1
북방한계선,1
다원주의,1
오쿠다 히로시,1
미하일,1
고르바초프,1
햇볕정책,1
우주베키스,1
구인,1
재판관,1
회장단,1
적과 동지,1
행군,1
오키나와,1
유구,1
비탈지다,1
국수,1
당파,1
재팬,1
공리공론,1
몸집,1
중일전쟁,1
꾸지람,1
샌프란시스코,1
은인,1
겹쳐지다,1
꼬투리,1
키신저,1
슬로건,1
초계함,1
존재감,1
호위함,1
한국경제,1
한산,1
모시,1
착용감,1
답례,1
페르베스,1
자타불이,1
불국토,1
과민,1
남바린 엥흐바야르,1
칭기스칸,1
제국,1
대들보,1
엥흐볼드,1
뻗치다,1
침략사,1
파주시,1
조병창,1
반역,1
외무,1
네트워킹,1
요사이,1
혈연,1
선후,1
원류,1
구렁텅이,1
빨리다,1
이간,1
시애틀의 잠 못 이루는 밤,1
중화사상,1
대보율령,1
든든히,1
협공,1
뿌듯하다,1
폐막,1
거란,1
금나라,1
후환,1
노부야,1
국서,1
수많이,1
도공,1
경작지,1
작금,1
터득,1
가리드,1
뎀베렐,1
아집,1
윌킨슨,1
허약,1
사촌,1
창조물,1
상당량,1
스마트,1
담수,1
시연회,1
텔레매틱스,1
간다라,1
플러스,1
리비아,1
불가피하다,1
파열,1
희구,1
회초리,1
항진,1
너나없이,1
마라난타,1
유조,1
물정,1
도의,1
세토,1
설움,1
무소불위,1
순례,1
만대,1
이역만리,1
예단,1
민족정기,1
결사반대,1
가스의,1
영양제,1
발도르즈,1
에밀,1
김영훈,1
신비감,1
견조,1
서울공항,1
유선,1
아이템,1
구제역,1
산림녹화,1
관대하다,1
용단,1
상가,1
서남아시아,1
한방,1
아르투르 라시자데,1
마지도프,1
서영태,1
다정,1
사계절,1
내전,1
타워,1
크레인,1
갈라,1
배달,1
내보이다,1
오바이드,1
휴마이드,1
타이어,1
국제전략문제연구소,1
오마,1
샴시,1
뛰어나가다,1
심려,1
벨리즈,1
양서,1
리영희,1
밤중,1
사례금,1
수수료,1
잡혀가다,1
과격,1
끙끙,1
나들이,1
분개,1
발동,1
자위,1
잠기다,1
가책,1
일투족,1
민족정신,1
증오감,1
심부름,1
화풀이,1
달달,1
애통,1
소문나다,1
채권국,1
큰일나다,1
영장,1
기각,1
사회면,1
비통,1
깨끗이,1
전위,1
투쟁가,1
팸플릿,1
책장,1
들여놓다,1
위인전,1
열흘,1
스쿨,1
폴리스,1
고소,1
집단행동,1
환황해권,1
육지,1
번갈다,1
철거,1
확성기,1
소생,1
교실,1
중화인민공화국,1
구면,1
티베트,1
우주선,1
이사직,1
샤오,1
베르호프스타트,1
유사점,1
레켄,1
위급,1
공사관,1
미리미리,1
거창,1
권유,1
판결문,1
서희제마부대,1
극기,1
일거수,1
신채호,1
고분고분,1
추모식,1
서포터스,1
호세,1
기민,1
희석,1
에르하르트,1
묶음,1
회의장,1
피게레스,1
유전자,1
외적,1
월경,1
강의록,1
후기,1
성리학,1
다독거리다,1
마리아,1
풍신수길,1
녹색당,1
제배,1
고영구,1
연줄,1
견습기자,1
자웅,1
광개토대왕,1
장수왕,1
하계,1
광종,1
사시,1
조소,1
조사처,1
우근민,1
밍크고래,1
기민당,1
구김,1
강서구,1
재학,1
돈키호테,1
방방,1
언덕,1
찔리다,1
유럽식,1
한국자유총연맹,1
청주시,1
장가보내다,1
모형,1
불어나다,1
군사분계선,1
깻묵,1
친소,1
편향,1
안전사고,1
선전물,1
잔금,1
극소수,1
정창,1
끌려다니다,1
임동원,1
바들바들,1
동태,1
저항운동,1
주구,1
아태평화위,1
척도,1
빨래,1
부닥,1
학설,1
처참하다,1
경찰대,1
털어놓다,1
마리,1
황멍푸,1
돼지,1
유세장,1
주머니,1
문예,1
겨울날,1
아탄가나,1
개화파,1
카페,1
이노,1
물길,1
메바라,1
숙정문,1
서울숲,1
중화전,1
국공,1
상권,1
반환점,1
한라오스,1
출연금,1
하도급,1
호평,1
수익금,1
복권,1
장려금,1
원대하다,1
드나들다,1
경영난,1
마후라,1
시험대,1
세외,1
뚝섬,1
배가,1
글귀,1
합천,1
축가,1
정남,1
고르즈코프스키,1
흥미,1
플리트,1
부조리,1
조언자,1
심중,1
경보기,1
미국인,1
가상,1
패퇴,1
기저,1
입적,1
마주하다,1
로젠바움,1
황망,1
재소자,1
교화,1
열반,1
아낌없이,1
무소유,1
울림,1
극락,1
왕생,1
샘터,1
번득이다,1
지면,1
우러나다,1
경주세계문화엑스포,1
시민운동가,1
체세포,1
줄기,1
장본인,1
증축,1
조천,1
한상국,1
수자원공사,1
상수도,1
한국공항공사,1
하수관거,1
가칭,1
까닭,1
YMCA,1
농협,1
눈발,1
공분,1
비로서,1
좌우됩,1
축구장,1
닥뜨리다,1
박맹우,1
금메달,1
열중,1
용품,1
태화강,1
연어,1
카누,1
맞부,1
평의회,1
오페라,1
고흥,1
친러파,1
수구파,1
세입,1
박동혁,1
경희학원,1
기껏해야,1
강아지,1
스너피,1
의무자,1
양태,1
임산부,1
다가구,1
매입,1
산전,1
산후,1
휴직,1
만성,1
질환,1
비판자,1
목욕,1
해병대,1
혼탁,1
구주,1
안간힘,1
경위,1
최강,1
방위비,1
함포,1
효창공원,1
뒷산,1
고궁,1
교육감,1
접점,1
우러러보다,1
국감,1
기막히다,1
수염,1
모비,1
저대로,1
정이,1
혼쭐,1
씀씀이,1
연료봉,1
찔끔,1
들썩거리다,1
미봉,1
사업자,1
순항,1
기항지,1
왕왕,1
선임병,1
밥통,1
무심코,1
모금회,1
공명선거,1
공사장,1
노점상,1
유흥,1
업소,1
갈취,1
정보지,1
막말,1
점화,1
보령,1
계산대,1
몹시,1
기재,1
대내,1
종국,1
이해관계자,1
비굴,1
어리숙하다,1
쪽문,1
흩뜨리다,1
라이스,1
파월,1
수북이,1
후들거리다,1
정승조,1
애물단지,1
하태직,1
부대장,1
아르빌,1
수송기,1
이만,1
만사형통,1
유례없다,1
폭설,1
대평뜰,1
왠지,1
벼랑,1
자랑거리,1
세무서,1
흥분,1
남반부,1
씨름,1
민비,1
체불,1
관조,1
과중하다,1
당혹,1
효도,1
정변,1
첫눈,1
카드채가,1
종종,1
군번,1
얼개,1
주르차니,1
보약,1
잠복,1
대란,1
여관,1
모텔,1
사우나,1
만기일,1
스티글리츠,1
설상가상,1
가위눌리다,1
대로,1
리스크,1
경제학상,1
짓누르다,1
파문,1
배부르다,1
노멘클라투라,1
벌서다,1
6.25,1
졸지,1
금고,1
달랑,1
젖먹이,1
우유,1
자이퉁,1
분유,1
일용직,1
분포,1
호전,1
징표,1
단방,1
여과,1
프랑스식,1
월남,1
우세,1
뽐내다,1
동호회,1
부정행위,1
한미일,1
상병,1
정부안,1
위조지폐,1
오래가다,1
못내,1
등산,1
거래소,1
귀사,1
압둘 칼람,1
아세안지역안보포럼,1
매달,1
타임스,1
타고르,1
일방향,1
소서,1
시아,1
엄살,1
알아내다,1
메아리치다,1
진두,1
상벌,1
조달통관홈택스,1
결속력,1
어김없이,1
바래다,1
씽크,1
임채정,1
마음씨,1
박준영,1
감화,1
데이다,1
선학,1
첨예하다,1
파묻히다,1
간혹,1
천생연분,1
정실,1
시가,1
벽촌,1
꼼꼼,1
코멘트,1
선량,1
전남도청,1
중남부,1
서툴다,1
근교,1
생태관광,1
대중국,1
초미,1
학사,1
진흥원,1
망령,1
연체자,1
발췌,1
수와레즈,1
법과,1
참상,1
군종장교,1
불교학,1
남로당,1
회복제,1
기백,1
수레,1
목욕탕,1
망망대해,1
에곤바,1
여론몰이,1
리셉션,1
경상수지,1
회의체,1
돌팔매,1
아시아 태평양 관광협회,1
의붓,1
아비,1
박장규,1
시들시들,1
레터,1
거구,1
말똥말똥,1
공병,1
회복기,1
회계사,1
요가,1
체조,1
적나라하다,1
스텝,1
머신,1
허리뼈,1
스탠다드,1
척추,1
근육,1
팔굽혀펴기,1
침대,1
여군,1
알레한드로 톨레도,1
중국식,1
아흐마드,1
강진성,1
바램,1
이희호,1
전승,1
퐁피두,1
수술,1
금남로,1
콸라룸푸,1
감옥살이,1
쾌차,1
사이드,1
장과,1
산업과,1
볼레,1
혼백,1
심영,1
전가,1
가려지다,1
마이딘,1
통상부,1
콜린,1
필자,1
세람반,1
메트로,1
건배마부하,1
라모스,1
쓰레기,1
쓰기,1
기여금,1
뭉치,1
김영국,1
많아지다,1
카미세아,1
중금,1
천연,1
부메랑,1
서약서,1
윌리엄,1
로즈,1
시티그룹,1
부회장,1
값비싸다,1
대테러,1
떼돈,1
아름다움,1
필봉,1
홍콩,1
전염,1
사회경제젹,1
정몽준,1
영자지,1
일순,1
이혼,1
블록,1
통합민주당,1
교향악단,1
국악,1
엄습,1
번지다,1
이상이,1
권장,1
다차,1
다국적군,1
잔칫날,1
데드라인,1
